Denumire Produs,Nume categorie,Cod EAN
Vopsea Lavabila Cuartz “Emex QT” - Alb - Bid. 15 L,Vopsea,5941930700002
Vopsea Lavabila Cuartz “Emex QT” - Light Grey - Bid. 15 L,Vopsea,5941930700019
Vopsea Lavabila Cuartz “Emex QT” - Crem Pastel - Bid. 15 L,Vopsea,5941930700026
Vopsea Lavabila Cuartz “Emex QT” - Galben Pastel - Bid. 15 L,Vopsea,5941930700033
Vopsea Lavabila Cuartz “Emex QT” - Roz Pastel - Bid. 15 L,Vopsea,5941930700040
Vopsea Lavabila Cuartz “Emex QT” - Bleu Pastel - Bid. 15 L,Vopsea,5941930700057
Vopsea Lavabila Cuartz “Emex QT” - Vernil Pastel - Bid. 15 L,Vopsea,5941930700064
Vopsea Lavabila Premium “Emex Gold” - Alb - Bid. 15 L,Vopsea,5941930700071
Vopsea Lavabila Premium “Emex Gold” - Light Grey - Bid. 15 L,Vopsea,5941930700088
Vopsea Lavabila Premium “Emex Gold” - Crem Pastel - Bid. 15 L,Vopsea,5941930700095
Vopsea Lavabila Premium “Emex Gold” - Galben Pastel - Bid. 15 L,Vopsea,5941930700101
Vopsea Lavabila Premium “Emex Gold” - Roz Pastel - Bid. 15 L,Vopsea,5941930700118
Vopsea Lavabila Premium “Emex Gold” - Bleu Pastel - Bid. 15 L,Vopsea,5941930700125
Vopsea Lavabila Premium “Emex Gold” - Vernil Pastel - Bid. 15 L,Vopsea,5941930700132
Vopsea Lavabila Lucioasa “Emex Gloss” - Alb - Bid. 15 L,Vopsea,5941930700149
Vopsea Lavabila Lucioasa “Emex Gloss” - Light Grey - Bid. 15 L,Vopsea,5941930700156
Vopsea Lavabila Lucioasa “Emex Gloss” - Crem Pastel - Bid. 15 L,Vopsea,5941930700163
Vopsea Lavabila Lucioasa “Emex Gloss” - Galben Pastel - Bid. 15 L,Vopsea,5941930700170
Vopsea Lavabila Lucioasa “Emex Gloss” - Roz Pastel - Bid. 15 L,Vopsea,5941930700187
Vopsea Lavabila Lucioasa “Emex Gloss” - Bleu Pastel - Bid. 15 L,Vopsea,5941930700194
Vopsea Lavabila Lucioasa “Emex Gloss” - Vernil Pastel - Bid. 15 L,Vopsea,5941930700200
Vopsea Superlavabila Interior “Emex” - Alb - Bid. 15 L,Vopsea,5941930700217
Vopsea Superlavabila Interior “Emex” - Light Grey - Bid. 15 L,Vopsea,5941930700224
Vopsea Superlavabila Interior “Emex” - Crem Pastel - Bid. 15 L,Vopsea,5941930700231
Vopsea Superlavabila Interior “Emex” - Galben Pastel - Bid. 15 L,Vopsea,5941930700248
Vopsea Superlavabila Interior “Emex” - Roz Pastel - Bid. 15 L,Vopsea,5941930700255
Vopsea Superlavabila Interior “Emex” - Bleu Pastel - Bid. 15 L,Vopsea,5941930700262
Vopsea Superlavabila Interior “Emex” - Vernil Pastel - Bid. 15 L,Vopsea,5941930700279
Vopsea Lavabila Satinata “Emex Silk” - Alb - Bid. 15 L,Vopsea,5941930700286
Vopsea Lavabila Satinata “Emex Silk” - Light Grey - Bid. 15 L,Vopsea,5941930700293
Vopsea Lavabila Satinata “Emex Silk” - Crem Pastel - Bid. 15 L,Vopsea,5941930700309
Vopsea Lavabila Satinata “Emex Silk” - Galben Pastel - Bid. 15 L,Vopsea,5941930700316
Vopsea Lavabila Satinata “Emex Silk” - Roz Pastel - Bid. 15 L,Vopsea,5941930700323
Vopsea Lavabila Satinata “Emex Silk” - Bleu Pastel - Bid. 15 L,Vopsea,5941930700330
Vopsea Lavabila Satinata “Emex Silk” - Vernil Pastel - Bid. 15 L,Vopsea,5941930700347
Vopsea Lavabila Antimucegai “Emex” - Alb - Bid. 15 L,Vopsea,5941930700354
Vopsea Lavabila Antimucegai “Emex” - Light Grey - Bid. 15 L,Vopsea,5941930700361
Vopsea Lavabila Antimucegai “Emex” - Crem Pastel - Bid. 15 L,Vopsea,5941930700378
Vopsea Lavabila Antimucegai “Emex” - Galben Pastel - Bid. 15 L,Vopsea,5941930700385
Vopsea Lavabila Antimucegai “Emex” - Roz Pastel - Bid. 15 L,Vopsea,5941930700392
Vopsea Lavabila Antimucegai “Emex” - Bleu Pastel - Bid. 15 L,Vopsea,5941930700408
Vopsea Lavabila Antimucegai “Emex” - Vernil Pastel - Bid. 15 L,Vopsea,5941930700415
Vopsea Lavabila Siliconica Interior “Emex” - Alb - Bid. 15 L,Vopsea,5941930700439
Vopsea Lavabila Siliconica Interior “Emex” - Light Grey - Bid. 15 L,Vopsea,5941930700446
Vopsea Lavabila Siliconica Interior “Emex” - Crem Pastel - Bid. 15 L,Vopsea,5941930700453
Vopsea Lavabila Siliconica Interior “Emex” - Galben Pastel - Bid. 15 L,Vopsea,5941930700460
Vopsea Lavabila Siliconica Interior “Emex” - Roz Pastel - Bid. 15 L,Vopsea,5941930700477
Vopsea Lavabila Siliconica Interior “Emex” - Bleu Pastel - Bid. 15 L,Vopsea,5941930700484
Vopsea Lavabila Siliconica Interior “Emex” - Vernil Pastel - Bid. 15 L,Vopsea,5941930700491
Vopsea Lavabila Silicatica Interior “Emex” - Alb - Bid. 15 L,Vopsea,5941930700507
Vopsea Superlavabila Exterior “Emex” - Alb - Bid. 15 L,Vopsea,5941930700514
Vopsea Superlavabila Exterior “Emex” - Light Grey - Bid. 15 L,Vopsea,5941930700521
Vopsea Superlavabila Exterior “Emex” - Crem Pastel - Bid. 15 L,Vopsea,5941930700538
Vopsea Superlavabila Exterior “Emex” - Galben Pastel - Bid. 15 L,Vopsea,5941930700545
Vopsea Superlavabila Exterior “Emex” - Roz Pastel - Bid. 15 L,Vopsea,5941930700552
Vopsea Superlavabila Exterior “Emex” - Bleu Pastel - Bid. 15 L,Vopsea,5941930700569
Vopsea Superlavabila Exterior “Emex” - Vernil Pastel - Bid. 15 L,Vopsea,5941930700576
Vopsea Lavabila Siliconica Exterior “Emex” - Alb - Bid. 15 L,Vopsea,5941930700583
Vopsea Lavabila Siliconica Exterior “Emex” - Light Grey - Bid. 15 L,Vopsea,5941930700590
Vopsea Lavabila Siliconica Exterior “Emex” - Crem Pastel - Bid. 15 L,Vopsea,5941930700606
Vopsea Lavabila Siliconica Exterior “Emex” - Galben Pastel - Bid. 15 L,Vopsea,5941930700613
Vopsea Lavabila Siliconica Exterior “Emex” - Roz Pastel - Bid. 15 L,Vopsea,5941930700620
Vopsea Lavabila Siliconica Exterior “Emex” - Bleu Pastel - Bid. 15 L,Vopsea,5941930700637
Vopsea Lavabila Siliconica Exterior “Emex” - Vernil Pastel - Bid. 15 L,Vopsea,5941930700644
Vopsea Lavabila Silicatica Exterior “Emex” - Alb - Bid. 15 L,Vopsea,5941930700651
Email Alchidic Premium “Emex Gold” - Alb - Bid. 5 Kg,Vopsea,5941930700699
Email Alchidic Premium “Emex Gold” - Alb - Bid. 20 Kg,Vopsea,5941930700705
Email Alchidic Premium “Emex Gold” - Gri - Bid. 5 Kg,Vopsea,5941930700712
Email Alchidic Premium “Emex Gold” - Gri - Bid. 20 Kg,Vopsea,5941930700729
Email Alchidic Premium “Emex Gold” - Crem - Bid. 5 Kg,Vopsea,5941930700736
Email Alchidic Premium “Emex Gold” - Crem - Bid. 20 Kg,Vopsea,5941930700743
Email Alchidic Premium “Emex Gold” - Galben - Bid. 5 Kg,Vopsea,5941930700750
Email Alchidic Premium “Emex Gold” - Galben - Bid. 20 Kg,Vopsea,5941930700767
Email Alchidic Premium “Emex Gold” - Albastru - Bid. 5 Kg,Vopsea,5941930700774
Email Alchidic Premium “Emex Gold” - Albastru - Bid. 20 Kg,Vopsea,5941930700781
Email Alchidic Premium “Emex Gold” - Verde - Bid. 5 Kg,Vopsea,5941930700798
Email Alchidic Premium “Emex Gold” - Verde - Bid. 20 Kg,Vopsea,5941930700804
Email Alchidic Premium “Emex Gold” - Rosu - Bid. 5 Kg,Vopsea,5941930700811
Email Alchidic Premium “Emex Gold” - Rosu - Bid. 20 Kg,Vopsea,5941930700828
Email Alchidic Premium “Emex Gold” - Maro - Bid. 5 Kg,Vopsea,5941930700835
Email Alchidic Premium “Emex Gold” - Maro - Bid. 20 Kg,Vopsea,5941930700842
Email Alchidic Premium “Emex Gold” - Negru - Bid. 5 Kg,Vopsea,5941930700859
Email Alchidic Premium “Emex Gold” - Negru - Bid. 20 Kg,Vopsea,5941930700866
Email Alchidic “Emex Extracolor” - Alb - Bid. 5 Kg,Vopsea,5941930700873
Email Alchidic “Emex Extracolor” - Alb - Bid. 23 Kg,Vopsea,5941930700880
Email Alchidic “Emex Extracolor” - Gri - Bid. 5 Kg,Vopsea,5941930700897
Email Alchidic “Emex Extracolor” - Gri - Bid. 23 Kg,Vopsea,5941930700903
Email Alchidic “Emex Extracolor” - Crem - Bid. 5 Kg,Vopsea,5941930700910
Email Alchidic “Emex Extracolor” - Crem - Bid. 23 Kg,Vopsea,5941930700927
Email Alchidic “Emex Extracolor” - Galben - Bid. 5 Kg,Vopsea,5941930700934
Email Alchidic “Emex Extracolor” - Galben - Bid. 23 Kg,Vopsea,5941930700941
Email Alchidic “Emex Extracolor” - Albastru - Bid. 5 Kg,Vopsea,5941930700958
Email Alchidic “Emex Extracolor” - Albastru - Bid. 23 Kg,Vopsea,5941930700965
Email Alchidic “Emex Extracolor” - Verde - Bid. 5 Kg,Vopsea,5941930700972
Email Alchidic “Emex Extracolor” - Verde - Bid. 23 Kg,Vopsea,5941930700989
Email Alchidic “Emex Extracolor” - Rosu - Bid. 5 Kg,Vopsea,5941930700996
Email Alchidic “Emex Extracolor” - Rosu - Bid. 23 Kg,Vopsea,5941930701009
Email Alchidic “Emex Extracolor” - Maro - Bid. 5 Kg,Vopsea,5941930701016
Email Alchidic “Emex Extracolor” - Maro - Bid. 23 Kg,Vopsea,5941930701023
Email Alchidic “Emex Extracolor” - Negru - Bid. 5 Kg,Vopsea,5941930701030
Email Alchidic “Emex Extracolor” - Negru - Bid. 23 Kg,Vopsea,5941930701047
Email Alchidic “Emex Dual Protect” - Alb - Bid. 25 Kg,Vopsea,5941930701054
Email Alchidic “Emex Dual Protect” - Gri - Bid. 25 Kg,Vopsea,5941930701061
Email Alchidic “Emex Dual Protect” - Crem - Bid. 25 Kg,Vopsea,5941930701078
Email Alchidic “Emex Dual Protect” - Galben - Bid. 25 Kg,Vopsea,5941930701085
Email Alchidic “Emex Dual Protect” - Albastru - Bid. 25 Kg,Vopsea,5941930701092
Email Alchidic “Emex Dual Protect” - Verde - Bid. 25 Kg,Vopsea,5941930701108
Email Alchidic “Emex Dual Protect” - Rosu - Bid. 25 Kg,Vopsea,5941930701115
Email Alchidic “Emex Dual Protect” - Maro - Bid. 25 Kg,Vopsea,5941930701122
Email Alchidic “Emex Dual Protect” - Negru - Bid. 25 Kg,Vopsea,5941930701139
Email Alchido-Stirenic “Emex EQS” - Alb - Bid. 5 Kg,Vopsea,5941930701146
Email Alchido-Stirenic “Emex EQS” - Alb - Bid. 23 Kg,Vopsea,5941930701153
Email Alchido-Stirenic “Emex EQS” - Gri - Bid. 5 Kg,Vopsea,5941930701160
Email Alchido-Stirenic “Emex EQS” - Gri - Bid. 23 Kg,Vopsea,5941930701177
Email Alchido-Stirenic “Emex EQS” - Crem - Bid. 5 Kg,Vopsea,5941930701184
Email Alchido-Stirenic “Emex EQS” - Crem - Bid. 23 Kg,Vopsea,5941930701191
Email Alchido-Stirenic “Emex EQS” - Galben - Bid. 5 Kg,Vopsea,5941930701207
Email Alchido-Stirenic “Emex EQS” - Galben - Bid. 23 Kg,Vopsea,5941930701214
Email Alchido-Stirenic “Emex EQS” - Albastru - Bid. 5 Kg,Vopsea,5941930701221
Email Alchido-Stirenic “Emex EQS” - Albastru - Bid. 23 Kg,Vopsea,5941930701238
Email Alchido-Stirenic “Emex EQS” - Verde - Bid. 5 Kg,Vopsea,5941930701245
Email Alchido-Stirenic “Emex EQS” - Verde - Bid. 23 Kg,Vopsea,5941930701252
Email Alchido-Stirenic “Emex EQS” - Rosu - Bid. 5 Kg,Vopsea,5941930701269
Email Alchido-Stirenic “Emex EQS” - Rosu - Bid. 23 Kg,Vopsea,5941930701276
Email Alchido-Stirenic “Emex EQS” - Maro - Bid. 5 Kg,Vopsea,5941930701283
Email Alchido-Stirenic “Emex EQS” - Maro - Bid. 23 Kg,Vopsea,5941930701290
Email Alchido-Stirenic “Emex EQS” - Negru - Bid. 5 Kg,Vopsea,5941930701306
Email Alchido-Stirenic “Emex EQS” - Negru - Bid. 23 Kg,Vopsea,5941930701313
Email Alchidic Bronz Aluminiu “Emex” - Argintiu Bid. 4 Kg,Vopsea,5941930701320
Email Alchidic Bronz Aluminiu “Emex” - Argintiu Bid. 20 Kg,Vopsea,5941930701337
Email Alchidic Bronz Aluminiu “Emex” - Auriu Bid. 4 Kg,Vopsea,5941930701344
Email Alchidic Bronz Aluminiu “Emex” - Auriu Bid. 20 Kg,Vopsea,5941930701351
Email Alchido-Uretanizat “Emex Code” - Alb - Bid. 5 Kg,Vopsea,5941930701368
Email Alchido-Uretanizat “Emex Code” - Alb - Bid. 23 Kg,Vopsea,5941930701375
Email Alchido-Uretanizat “Emex Code” - Gri - Bid. 5 Kg,Vopsea,5941930701382
Email Alchido-Uretanizat “Emex Code” - Gri - Bid. 23 Kg,Vopsea,5941930701399
Email Alchido-Uretanizat “Emex Code” - Crem - Bid. 5 Kg,Vopsea,5941930701405
Email Alchido-Uretanizat “Emex Code” - Crem - Bid. 23 Kg,Vopsea,5941930701412
Email Alchido-Uretanizat “Emex Code” - Galben - Bid. 5 Kg,Vopsea,5941930701429
Email Alchido-Uretanizat “Emex Code” - Galben - Bid. 23 Kg,Vopsea,5941930701436
Email Alchido-Uretanizat “Emex Code” - Albastru - Bid. 5 Kg,Vopsea,5941930701443
Email Alchido-Uretanizat “Emex Code” - Albastru - Bid. 23 Kg,Vopsea,5941930701450
Email Alchido-Uretanizat “Emex Code” - Verde - Bid. 5 Kg,Vopsea,5941930701467
Email Alchido-Uretanizat “Emex Code” - Verde - Bid. 23 Kg,Vopsea,5941930701474
Email Alchido-Uretanizat “Emex Code” - Rosu - Bid. 5 Kg,Vopsea,5941930701481
Email Alchido-Uretanizat “Emex Code” - Rosu - Bid. 23 Kg,Vopsea,5941930701498
Email Alchido-Uretanizat “Emex Code” - Maro - Bid. 5 Kg,Vopsea,5941930701504
Email Alchido-Uretanizat “Emex Code” - Maro - Bid. 23 Kg,Vopsea,5941930701511
Email Alchido-Uretanizat “Emex Code” - Negru - Bid. 5 Kg,Vopsea,5941930701528
Email Alchido-Uretanizat “Emex Code” - Negru - Bid. 23 Kg,Vopsea,5941930701535
Lac Parchet Alchido-Uretanizat “Emex” - Transparent - Bid. 16 Kg,Lacuri Parchet,5941930701641
Lac Alchido-Uretanizat Lemn Exterior “Emex” - Transparent - Bid. 16 Kg,Lacuri Parchet,5941930701788
Lac Alchidic pentru Lemn “Emex” - Transparent - Bid. 16 Kg,Lacuri Parchet,5941930701948
Lazura pentru Lemn “Emex WX” - Transparent - Bid. 16 Kg,Lacuri Parchet,5941930701962
Lac Acrilic pentru Piatra “Emex WS” - Transparent - Bid. 4 Kg,Lacuri Parchet,5941930702112
Lac Acrilic pentru Piatra “Emex WS” - Transparent - Bid. 20 Kg,Lacuri Parchet,5941930702129
Tencuiala Decorativa “Emex Quartz Dekor” - Alb - Bid. 25 Kg,Tencuieli decorative,5941930702396
Tencuiala Decorativa “Emex Quartz Dekor” - Light Grey - Bid. 25 Kg,Tencuieli decorative,5941930702402
Tencuiala Decorativa “Emex Quartz Dekor” - Crem Pastel - Bid. 25 Kg,Tencuieli decorative,5941930702419
Tencuiala Decorativa “Emex Quartz Dekor” - Bej Pastel - Bid. 25 Kg,Tencuieli decorative,5941930702426
Tencuiala Decorativa “Emex Aqua Protect” - Alb - Bid. 25 Kg,Tencuieli decorative,5941930702433
Tencuiala Decorativa “Emex Aqua Protect” - Light Grey - Bid. 25 Kg,Tencuieli decorative,5941930702440
Tencuiala Decorativa “Emex Aqua Protect” - Crem Pastel - Bid. 25 Kg,Tencuieli decorative,5941930702457
Tencuiala Decorativa “Emex Aqua Protect” - Bej Pastel - Bid. 25 Kg,Tencuieli decorative,5941930702464
Tencuiala Decorativa Siliconica “Emex” - Alb - Bid. 25 Kg,Tencuieli decorative,5941930702471
Tencuiala Decorativa Siliconica “Emex” - Light Grey - Bid. 25 Kg,Tencuieli decorative,5941930702488
Tencuiala Decorativa Siliconica “Emex” - Crem Pastel - Bid. 25 Kg,Tencuieli decorative,5941930702495
Tencuiala Decorativa Siliconica “Emex” - Bej Pastel - Bid. 25 Kg,Tencuieli decorative,5941930702501
Tencuiala Decorativa Mozaicata de Soclu “Emex” - Bid. 25 Kg,Tencuieli decorative,5941930702518
Tencuiala Decorativa Periata “Emex” - Alb - Bid. 25 Kg,Tencuieli decorative,5941930702525
Tencuiala Decorativa Periata “Emex” - Light Grey - Bid. 25 Kg,Tencuieli decorative,5941930702532
Tencuiala Decorativa Periata “Emex” - Crem Pastel - Bid. 25 Kg,Tencuieli decorative,5941930702549
Tencuiala Decorativa Periata “Emex” - Bej Pastel - Bid. 25 Kg,Tencuieli decorative,5941930702556
Tencuiala Decorativa Silicatica “Emex” - Alb - Bid. 25 Kg,Tencuieli decorative,5941930702563
Tencuiala Decorativa Silicatica “Emex” - Light Grey - Bid. 25 Kg,Tencuieli decorative,5941930702570
Tencuiala Decorativa Silicatica “Emex” - Crem Pastel - Bid. 25 Kg,Tencuieli decorative,5941930702587
Tencuiala Decorativa Silicatica “Emex” - Bej Pastel - Bid. 25 Kg,Tencuieli decorative,5941930702594
Tencuiala Decorativa Bob de Orez “Emex” - Alb - Bid. 25 Kg,Tencuieli decorative,5941930702600
Tencuiala Decorativa Bob de Orez “Emex” - Light Grey - Bid. 25 Kg,Tencuieli decorative,5941930702617
Tencuiala Decorativa Bob de Orez “Emex” - Crem Pastel - Bid. 25 Kg,Tencuieli decorative,5941930702624
Tencuiala Decorativa Bob de Orez “Emex” - Bej Pastel - Bid. 25 Kg,Tencuieli decorative,5941930702631
Vopsea Decorativa Texturata “Emex” - Alb - Bid. 15 L,Vopsea,5941930702648
Vopsea Decorativa Texturata “Emex” - Light Grey - Bid. 15 L,Vopsea,5941930702655
Vopsea Decorativa Texturata “Emex” - Crem Pastel - Bid. 15 L,Vopsea,5941930702662
Vopsea Decorativa Texturata “Emex” - Galben Pastel - Bid. 15 L,Vopsea,5941930702679
Vopsea Decorativa Texturata “Emex” - Roz Pastel - Bid. 15 L,Vopsea,5941930702686
Vopsea Decorativa Texturata “Emex” - Bleu Pastel - Bid. 15 L,Vopsea,5941930702693
Vopsea Decorativa Texturata “Emex” - Vernil Pastel - Bid. 15 L,Vopsea,5941930702709
Pachet Vopsea Poliuretanica Piscina “Emex Pool” - Alb - Bid. 4 Kg + Intaritor - Bid. 0.8 Kg,Vopsea,5941930702747
Pachet Vopsea Poliuretanica Piscina “Emex Pool” - Alb - Bid. 20 Kg + Intaritor - Bid. 4 Kg,Vopsea,5941930702754
Pachet Vopsea Poliuretanica Piscina “Emex Pool” - Gri - Bid. 4 Kg + Intaritor - Bid. 0.8 Kg,Vopsea,5941930702761
Pachet Vopsea Poliuretanica Piscina “Emex Pool” - Gri - Bid. 20 Kg + Intaritor - Bid. 4 Kg,Vopsea,5941930702778
Pachet Vopsea Poliuretanica Piscina “Emex Pool” - Crem - Bid. 4 Kg + Intaritor - Bid. 0.8 Kg,Vopsea,5941930702785
Pachet Vopsea Poliuretanica Piscina “Emex Pool” - Crem - Bid. 20 Kg + Intaritor - Bid. 4 Kg,Vopsea,5941930702792
Pachet Vopsea Poliuretanica Piscina “Emex Pool” - Galben - Bid. 4 Kg + Intaritor - Bid. 0.8 Kg,Vopsea,5941930702808
Pachet Vopsea Poliuretanica Piscina “Emex Pool” - Galben - Bid. 20 Kg + Intaritor - Bid. 4 Kg,Vopsea,5941930702815
Pachet Vopsea Poliuretanica Piscina “Emex Pool” - Albastru - Bid. 4 Kg + Intaritor - Bid. 0.8 Kg,Vopsea,5941930702822
Pachet Vopsea Poliuretanica Piscina “Emex Pool” - Albastru - Bid. 20 Kg + Intaritor - Bid. 4 Kg,Vopsea,5941930702839
Pachet Vopsea Poliuretanica Piscina “Emex Pool” - Verde - Bid. 4 Kg + Intaritor - Bid. 0.8 Kg,Vopsea,5941930702846
Pachet Vopsea Poliuretanica Piscina “Emex Pool” - Verde - Bid. 20 Kg + Intaritor - Bid. 4 Kg,Vopsea,5941930702853
Pachet Email Epoxidic “Emex” - Alb - Bid. 4 Kg + Intaritor - Bid. 0.70 Kg,Vopsea,5941930702860
Pachet Email Epoxidic “Emex” - Alb - Bid. 20 Kg + Intaritor - Bid. 3.50 Kg,Vopsea,5941930702877
Pachet Email Epoxidic “Emex” - Gri - Bid. 4 Kg + Intaritor - Bid. 0.70 Kg,Vopsea,5941930702884
Pachet Email Epoxidic “Emex” - Gri - Bid. 20 Kg + Intaritor - Bid. 3.50 Kg,Vopsea,5941930702891
Pachet Email Epoxidic “Emex” - Crem - Bid. 4 Kg + Intaritor - Bid. 0.70 Kg,Vopsea,5941930702907
Pachet Email Epoxidic “Emex” - Crem - Bid. 20 Kg + Intaritor - Bid. 3.50 Kg,Vopsea,5941930702914
Pachet Email Epoxidic “Emex” - Galben - Bid. 4 Kg + Intaritor - Bid. 0.70 Kg,Vopsea,5941930702921
Pachet Email Epoxidic “Emex” - Galben - Bid. 20 Kg + Intaritor - Bid. 3.50 Kg,Vopsea,5941930702938
Pachet Email Epoxidic “Emex” - Albastru - Bid. 4 Kg + Intaritor - Bid. 0.70 Kg,Vopsea,5941930702945
Pachet Email Epoxidic “Emex” - Albastru - Bid. 20 Kg + Intaritor - Bid. 3.50 Kg,Vopsea,5941930702952
Pachet Email Epoxidic “Emex” - Verde - Bid. 4 Kg + Intaritor - Bid. 0.70 Kg,Vopsea,5941930702969
Pachet Email Epoxidic “Emex” - Verde - Bid. 20 Kg + Intaritor - Bid. 3.50 Kg,Vopsea,5941930702976
Pachet Email Epoxidic “Emex” - Rosu - Bid. 4 Kg + Intaritor - Bid. 0.70 Kg,Vopsea,5941930702983
Pachet Email Epoxidic “Emex” - Rosu - Bid. 20 Kg + Intaritor - Bid. 3.50 Kg,Vopsea,5941930702990
Pachet Email Epoxidic “Emex” - Maro - Bid. 4 Kg + Intaritor - Bid. 0.70 Kg,Vopsea,5941930703003
Pachet Email Epoxidic “Emex” - Maro - Bid. 20 Kg + Intaritor - Bid. 3.50 Kg,Vopsea,5941930703010
Pachet Email Epoxidic “Emex” - Negru - Bid. 4 Kg + Intaritor - Bid. 0.70 Kg,Vopsea,5941930703027
Pachet Email Epoxidic “Emex” - Negru - Bid. 20 Kg + Intaritor - Bid. 3.50 Kg,Vopsea,5941930703034
Vopsea Clorcauciuc de Piscina “Emex Swim” - Alb - Bid. 5 Kg,Vopsea,5941930703041
Vopsea Clorcauciuc de Piscina “Emex Swim” - Alb - Bid. 23 Kg,Vopsea,5941930703058
Vopsea Clorcauciuc de Piscina “Emex Swim” - Gri - Bid. 5 Kg,Vopsea,5941930703065
Vopsea Clorcauciuc de Piscina “Emex Swim” - Gri - Bid. 23 Kg,Vopsea,5941930703072
Vopsea Clorcauciuc de Piscina “Emex Swim” - Crem - Bid. 5 Kg,Vopsea,5941930703089
Vopsea Clorcauciuc de Piscina “Emex Swim” - Crem - Bid. 23 Kg,Vopsea,5941930703096
Vopsea Clorcauciuc de Piscina “Emex Swim” - Galben - Bid. 5 Kg,Vopsea,5941930703102
Vopsea Clorcauciuc de Piscina “Emex Swim” - Galben - Bid. 23 Kg,Vopsea,5941930703119
Vopsea Clorcauciuc de Piscina “Emex Swim” - Albastru - Bid. 5 Kg,Vopsea,5941930703126
Vopsea Clorcauciuc de Piscina “Emex Swim” - Albastru - Bid. 23 Kg,Vopsea,5941930703133
Vopsea Clorcauciuc de Piscina “Emex Swim” - Verde - Bid. 5 Kg,Vopsea,5941930703140
Vopsea Clorcauciuc de Piscina “Emex Swim” - Verde - Bid. 23 Kg,Vopsea,5941930703157
Vopsea Clorcauciuc de Piscina “Emex Swim” - Rosu - Bid. 5 Kg,Vopsea,5941930703164
Vopsea Clorcauciuc de Piscina “Emex Swim” - Rosu - Bid. 23 Kg,Vopsea,5941930703171
Vopsea Clorcauciuc de Piscina “Emex Swim” - Negru - Bid. 5 Kg,Vopsea,5941930703188
Vopsea Clorcauciuc de Piscina “Emex Swim” - Negru - Bid. 23 Kg,Vopsea,5941930703195
Pachet Email Epoxidic Emulsionat “Emex WD-E” - Alb - Bid. 4 Kg + Intaritor - Bid. 4 Kg,Vopsea,5941930703201
Pachet Email Epoxidic Emulsionat “Emex WD-E” - Alb - Bid. 10 Kg + Intaritor - Bid. 10 Kg,Vopsea,5941930703218
Pachet Email Epoxidic Emulsionat “Emex WD-E” - Gri - Bid. 4 Kg + Intaritor - Bid. 4 Kg,Vopsea,5941930703225
Pachet Email Epoxidic Emulsionat “Emex WD-E” - Gri - Bid. 10 Kg + Intaritor - Bid. 10 Kg,Vopsea,5941930703232
Pachet Email Epoxidic Emulsionat “Emex WD-E” - Crem - Bid. 4 Kg + Intaritor - Bid. 4 Kg,Vopsea,5941930703249
Pachet Email Epoxidic Emulsionat “Emex WD-E” - Crem - Bid. 10 Kg + Intaritor - Bid. 10 Kg,Vopsea,5941930703256
Pachet Email Epoxidic Emulsionat “Emex WD-E” - Galben - Bid. 4 Kg + Intaritor - Bid. 4 Kg,Vopsea,5941930703263
Pachet Email Epoxidic Emulsionat “Emex WD-E” - Galben - Bid. 10 Kg + Intaritor - Bid. 10 Kg,Vopsea,5941930703270
Pachet Email Epoxidic Emulsionat “Emex WD-E” - Albastru - Bid. 4 Kg + Intaritor - Bid. 4 Kg,Vopsea,5941930703287
Pachet Email Epoxidic Emulsionat “Emex WD-E” - Albastru - Bid. 10 Kg + Intaritor - Bid. 10 Kg,Vopsea,5941930703294
Pachet Email Epoxidic Emulsionat “Emex WD-E” - Verde - Bid. 4 Kg + Intaritor - Bid. 4 Kg,Vopsea,5941930703300
Pachet Email Epoxidic Emulsionat “Emex WD-E” - Verde - Bid. 10 Kg + Intaritor - Bid. 10 Kg,Vopsea,5941930703317
Pachet Email Epoxidic Emulsionat “Emex WD-E” - Rosu - Bid. 4 Kg + Intaritor - Bid. 4 Kg,Vopsea,5941930703324
Pachet Email Epoxidic Emulsionat “Emex WD-E” - Rosu - Bid. 10 Kg + Intaritor - Bid. 10 Kg,Vopsea,5941930703331
Pachet Email Epoxidic Emulsionat “Emex WD-E” - Maro - Bid. 4 Kg + Intaritor - Bid. 4 Kg,Vopsea,5941930703348
Pachet Email Epoxidic Emulsionat “Emex WD-E” - Maro - Bid. 10 Kg + Intaritor - Bid. 10 Kg,Vopsea,5941930703355
Pachet Email Epoxidic Emulsionat “Emex WD-E” - Negru - Bid. 4 Kg + Intaritor - Bid. 4 Kg,Vopsea,5941930703362
Pachet Email Epoxidic Emulsionat “Emex WD-E” - Negru - Bid. 10 Kg + Intaritor - Bid. 10 Kg,Vopsea,5941930703379
Vopsea Acrilica 3 in 1 Anticoroziva “Emex Aegis G3” - Alb - Bid. 5 Kg,Vopsea,5941930703386
Vopsea Acrilica 3 in 1 Anticoroziva “Emex Aegis G3” - Alb - Bid. 23 Kg,Vopsea,5941930703393
Vopsea Acrilica 3 in 1 Anticoroziva - “Emex Aegis G3” - Gri - Bid. 5 Kg,Vopsea,5941930703409
Vopsea Acrilica 3 in 1 Anticoroziva - “Emex Aegis G3” - Gri - Bid. 23 Kg,Vopsea,5941930703416
Vopsea Acrilica 3 in 1 Anticoroziva “Emex Aegis G3” - Crem - Bid. 5 Kg,Vopsea,5941930703423
Vopsea Acrilica 3 in 1 Anticoroziva “Emex Aegis G3” - Crem - Bid. 23 Kg,Vopsea,5941930703430
Vopsea Acrilica 3 in 1 Anticoroziva “Emex Aegis G3” - Galben - Bid. 5 Kg,Vopsea,5941930703447
Vopsea Acrilica 3 in 1 Anticoroziva “Emex Aegis G3” - Galben - Bid. 23 Kg,Vopsea,5941930703454
Vopsea Acrilica 3 in 1 Anticoroziva “Emex Aegis G3” - Albastru - Bid. 5 Kg,Vopsea,5941930703461
Vopsea Acrilica 3 in 1 Anticoroziva “Emex Aegis G3” - Albastru - Bid. 23 Kg,Vopsea,5941930703478
Vopsea Acrilica 3 in 1 Anticoroziva “Emex Aegis G3” - Verde - Bid. 5 Kg,Vopsea,5941930703485
Vopsea Acrilica 3 in 1 Anticoroziva “Emex Aegis G3” - Verde - Bid. 23 Kg,Vopsea,5941930703492
Vopsea Acrilica 3 in 1 Anticoroziva “Emex Aegis G3” - Rosu - Bid. 5 Kg,Vopsea,5941930703508
Vopsea Acrilica 3 in 1 Anticoroziva “Emex Aegis G3” - Rosu - Bid. 23 Kg,Vopsea,5941930703515
Vopsea Acrilica 3 in 1 Anticoroziva “Emex Aegis G3” - Maro - Bid. 5 Kg,Vopsea,5941930703522
Vopsea Acrilica 3 in 1 Anticoroziva “Emex Aegis G3” - Maro - Bid. 23 Kg,Vopsea,5941930703539
Vopsea Acrilica 3 in 1 Anticoroziva “Emex Aegis G3” - Negru - Bid. 5 Kg,Vopsea,5941930703546
Vopsea Acrilica 3 in 1 Anticoroziva “Emex Aegis G3” - Negru - Bid. 23 Kg,Vopsea,5941930703553
Vopsea Epoxy-Ester 3 in 1 “Emex Q3-Guard” - Alb - Bid. 5 Kg,Vopsea,5941930703560
Vopsea Epoxy-Ester 3 in 1 “Emex Q3-Guard” - Alb - Bid. 23 Kg,Vopsea,5941930703577
Vopsea Epoxy-Ester 3 in 1 “Emex Q3-Guard” - Gri - Bid. 5 Kg,Vopsea,5941930703584
Vopsea Epoxy-Ester 3 in 1 “Emex Q3-Guard” - Gri - Bid. 23 Kg,Vopsea,5941930703591
Vopsea Epoxy-Ester 3 in 1 “Emex Q3-Guard” - Crem - Bid. 5 Kg,Vopsea,5941930703607
Vopsea Epoxy-Ester 3 in 1 “Emex Q3-Guard” - Crem - Bid. 23 Kg,Vopsea,5941930703614
Vopsea Epoxy-Ester 3 in 1 “Emex Q3-Guard” - Galben - Bid. 5 Kg,Vopsea,5941930703621
Vopsea Epoxy-Ester 3 in 1 “Emex Q3-Guard” - Galben - Bid. 23 Kg,Vopsea,5941930703638
Vopsea Epoxy-Ester 3 in 1 “Emex Q3-Guard” - Albastru - Bid. 5 Kg,Vopsea,5941930703645
Vopsea Epoxy-Ester 3 in 1 “Emex Q3-Guard” - Albastru - Bid. 23 Kg,Vopsea,5941930703652
Vopsea Epoxy-Ester 3 in 1 “Emex Q3-Guard” - Verde - Bid. 5 Kg,Vopsea,5941930703669
Vopsea Epoxy-Ester 3 in 1 “Emex Q3-Guard” - Verde - Bid. 23 Kg,Vopsea,5941930703676
Vopsea Epoxy-Ester 3 in 1 “Emex Q3-Guard” - Rosu - Bid. 5 Kg,Vopsea,5941930703683
Vopsea Epoxy-Ester 3 in 1 “Emex Q3-Guard” - Rosu - Bid. 23 Kg,Vopsea,5941930703690
Vopsea Epoxy-Ester 3 in 1 “Emex Q3-Guard” - Maro - Bid. 5 Kg,Vopsea,5941930703706
Vopsea Epoxy-Ester 3 in 1 “Emex Q3-Guard” - Maro - Bid. 23 Kg,Vopsea,5941930703713
Vopsea Epoxy-Ester 3 in 1 “Emex Q3-Guard” - Negru - Bid. 5 Kg,Vopsea,5941930703720
Vopsea Epoxy-Ester 3 in 1 “Emex Q3-Guard” - Negru - Bid. 23 Kg,Vopsea,5941930703737
Pachet Email Poliesteric “Emex Estada” - Alb - Bid. 4 Kg + Intaritor - Bid. 1 Kg,Vopsea,5941930703744
Pachet Email Poliesteric “Emex Estada” - Alb - Bid. 20 Kg + Intaritor - Bid. 5 Kg,Vopsea,5941930703751
Pachet Email Poliesteric “Emex Estada” - Gri - Bid. 4 Kg + Intaritor - Bid. 1 Kg,Vopsea,5941930703768
Pachet Email Poliesteric “Emex Estada” - Gri - Bid. 20 Kg + Intaritor - Bid. 5 Kg,Vopsea,5941930703775
Pachet Email Poliesteric “Emex Estada” - Crem - Bid. 4 Kg + Intaritor - Bid. 1 Kg,Vopsea,5941930703782
Pachet Email Poliesteric “Emex Estada” - Crem - Bid. 20 Kg + Intaritor - Bid. 5 Kg,Vopsea,5941930703799
Pachet Email Poliesteric “Emex Estada” - Galben - Bid. 4 Kg + Intaritor - Bid. 1 Kg,Vopsea,5941930703805
Pachet Email Poliesteric “Emex Estada” - Galben - Bid. 20 Kg + Intaritor - Bid. 5 Kg,Vopsea,5941930703812
Pachet Email Poliesteric “Emex Estada” - Albastru - Bid. 4 Kg + Intaritor - Bid. 1 Kg,Vopsea,5941930703829
Pachet Email Poliesteric “Emex Estada” - Albastru - Bid. 20 Kg + Intaritor - Bid. 5 Kg,Vopsea,5941930703836
Pachet Email Poliesteric “Emex Estada” - Verde - Bid. 4 Kg + Intaritor - Bid. 1 Kg,Vopsea,5941930703843
Pachet Email Poliesteric “Emex Estada” - Verde - Bid. 20 Kg + Intaritor - Bid. 5 Kg,Vopsea,5941930703850
Pachet Email Poliesteric “Emex Estada” - Rosu - Bid. 4 Kg + Intaritor - Bid. 1 Kg,Vopsea,5941930703867
Pachet Email Poliesteric “Emex Estada” - Rosu - Bid. 20 Kg + Intaritor - Bid. 5 Kg,Vopsea,5941930703874
Pachet Email Poliesteric “Emex Estada” - Maro - Bid. 4 Kg + Intaritor - Bid. 1 Kg,Vopsea,5941930703881
Pachet Email Poliesteric “Emex Estada” - Maro - Bid. 20 Kg + Intaritor - Bid. 5 Kg,Vopsea,5941930703898
Pachet Email Poliesteric “Emex Estada” - Negru - Bid. 4 Kg + Intaritor - Bid. 1 Kg,Vopsea,5941930703904
Pachet Email Poliesteric “Emex Estada” - Negru - Bid. 20 Kg + Intaritor - Bid. 5 Kg,Vopsea,5941930703911
Pachet Email Poliuretanic “Emex” - Alb - Bid. 4 Kg + Intaritor - Bid. 0.8 Kg,Vopsea,5941930703928
Pachet Email Poliuretanic “Emex” - Alb - Bid. 20 Kg + Intaritor - Bid. 4 Kg,Vopsea,5941930703935
Pachet Email Poliuretanic “Emex” - Gri - Bid. 4 Kg + Intaritor - Bid. 0.8 Kg,Vopsea,5941930703942
Pachet Email Poliuretanic “Emex” - Gri - Bid. 20 Kg + Intaritor - Bid. 4 Kg,Vopsea,5941930703959
Pachet Email Poliuretanic “Emex” - Crem - Bid. 4 Kg + Intaritor - Bid. 0.8 Kg,Vopsea,5941930703966
Pachet Email Poliuretanic “Emex” - Crem - Bid. 20 Kg + Intaritor - Bid. 4 Kg,Vopsea,5941930703973
Pachet Email Poliuretanic “Emex” - Galben - Bid. 4 Kg + Intaritor - Bid. 0.8 Kg,Vopsea,5941930703980
Pachet Email Poliuretanic “Emex” - Galben - Bid. 20 Kg + Intaritor - Bid. 4 Kg,Vopsea,5941930703997
Pachet Email Poliuretanic “Emex” - Albastru - Bid. 4 Kg + Intaritor - Bid. 0.8 Kg,Vopsea,5941930704000
Pachet Email Poliuretanic “Emex” - Albastru - Bid. 20 Kg + Intaritor - Bid. 4 Kg,Vopsea,5941930704017
Pachet Email Poliuretanic “Emex” - Verde - Bid. 4 Kg + Intaritor - Bid. 0.8 Kg,Vopsea,5941930704024
Pachet Email Poliuretanic “Emex” - Verde - Bid. 20 Kg + Intaritor - Bid. 4 Kg,Vopsea,5941930704031
Pachet Email Poliuretanic “Emex” - Rosu - Bid. 4 Kg + Intaritor - Bid. 0.8 Kg,Vopsea,5941930704048
Pachet Email Poliuretanic “Emex” - Rosu - Bid. 20 Kg + Intaritor - Bid. 4 Kg,Vopsea,5941930704055
Pachet Email Poliuretanic “Emex” - Maro - Bid. 4 Kg + Intaritor - Bid. 0.8 Kg,Vopsea,5941930704062
Pachet Email Poliuretanic “Emex” - Maro - Bid. 20 Kg + Intaritor - Bid. 4 Kg,Vopsea,5941930704079
Pachet Email Poliuretanic “Emex” - Negru - Bid. 4 Kg + Intaritor - Bid. 0.8 Kg,Vopsea,5941930704086
Pachet Email Poliuretanic “Emex” - Negru - Bid. 20 Kg + Intaritor - Bid. 4 Kg,Vopsea,5941930704093
Email Clorcauciuc “Emex” - Alb - Bid. 4 Kg,Vopsea,5941930704109
Email Clorcauciuc “Emex” - Alb - Bid. 20 Kg,Vopsea,5941930704116
Email Clorcauciuc “Emex” - Gri - Bid. 4 Kg,Vopsea,5941930704123
Email Clorcauciuc “Emex” - Gri - Bid. 20 Kg,Vopsea,5941930704130
Email Clorcauciuc “Emex” - Crem - Bid. 4 Kg,Vopsea,5941930704147
Email Clorcauciuc “Emex” - Crem - Bid. 20 Kg,Vopsea,5941930704154
Email Clorcauciuc “Emex” - Galben - Bid. 4 Kg,Vopsea,5941930704161
Email Clorcauciuc “Emex” - Galben - Bid. 20 Kg,Vopsea,5941930704178
Email Clorcauciuc “Emex” - Albastru - Bid. 4 Kg,Vopsea,5941930704185
Email Clorcauciuc “Emex” - Albastru - Bid. 20 Kg,Vopsea,5941930704192
Email Clorcauciuc “Emex” - Verde - Bid. 4 Kg,Vopsea,5941930704208
Email Clorcauciuc “Emex” - Verde - Bid. 20 Kg,Vopsea,5941930704215
Email Clorcauciuc “Emex” - Rosu - Bid. 4 Kg,Vopsea,5941930704222
Email Clorcauciuc “Emex” - Rosu - Bid. 20 Kg,Vopsea,5941930704239
Email Clorcauciuc “Emex” - Maro - Bid. 4 Kg,Vopsea,5941930704246
Email Clorcauciuc “Emex” - Maro - Bid. 20 Kg,Vopsea,5941930704253
Email Clorcauciuc “Emex” - Negru - Bid. 4 Kg,Vopsea,5941930704260
Email Clorcauciuc “Emex” - Negru - Bid. 20 Kg,Vopsea,5941930704277
Vopsea Epoxidica Monocomponenta Epoxi-Ester “Emex Esine” - Alb - Bid. 5 Kg,Vopsea,5941930704284
Vopsea Epoxidica Monocomponenta Epoxi-Ester “Emex Esine” - Alb - Bid. 23 Kg,Vopsea,5941930704291
Vopsea Epoxidica Monocomponenta Epoxi-Ester “Emex Esine” - Gri - Bid. 5 Kg,Vopsea,5941930704307
Vopsea Epoxidica Monocomponenta Epoxi-Ester “Emex Esine” - Gri - Bid. 23 Kg,Vopsea,5941930704314
Vopsea Epoxidica Monocomponenta Epoxi-Ester “Emex Esine” - Crem - Bid. 5 Kg,Vopsea,5941930704321
Vopsea Epoxidica Monocomponenta Epoxi-Ester “Emex Esine” - Crem - Bid. 23 Kg,Vopsea,5941930704338
Vopsea Epoxidica Monocomponenta Epoxi-Ester “Emex Esine” - Galben - Bid. 5 Kg,Vopsea,5941930704345
Vopsea Epoxidica Monocomponenta Epoxi-Ester “Emex Esine” - Galben - Bid. 23 Kg,Vopsea,5941930704352
Vopsea Epoxidica Monocomponenta Epoxi-Ester “Emex Esine” - Albastru - Bid. 5 Kg,Vopsea,5941930704369
Vopsea Epoxidica Monocomponenta Epoxi-Ester “Emex Esine” - Albastru - Bid. 23 Kg,Vopsea,5941930704376
Vopsea Epoxidica Monocomponenta Epoxi-Ester “Emex Esine” - Verde - Bid. 5 Kg,Vopsea,5941930704383
Vopsea Epoxidica Monocomponenta Epoxi-Ester “Emex Esine” - Verde - Bid. 23 Kg,Vopsea,5941930704390
Vopsea Epoxidica Monocomponenta Epoxi-Ester “Emex Esine” - Rosu - Bid. 5 Kg,Vopsea,5941930704406
Vopsea Epoxidica Monocomponenta Epoxi-Ester “Emex Esine” - Rosu - Bid. 23 Kg,Vopsea,5941930704413
Vopsea Epoxidica Monocomponenta Epoxi-Ester “Emex Esine” - Maro - Bid. 5 Kg,Vopsea,5941930704420
Vopsea Epoxidica Monocomponenta Epoxi-Ester “Emex Esine” - Maro - Bid. 23 Kg,Vopsea,5941930704437
Vopsea Epoxidica Monocomponenta Epoxi-Ester “Emex Esine” - Negru - Bid. 5 Kg,Vopsea,5941930704444
Vopsea Epoxidica Monocomponenta Epoxi-Ester “Emex Esine” - Negru - Bid. 23 Kg,Vopsea,5941930704451
Pachet Vopsea Poliuretanica de Yachturi “Emex” - Alb - Bid. 4 Kg + Intaritor - Bid. 0.8 Kg,Vopsea,5941930704468
Pachet Vopsea Poliuretanica de Yachturi “Emex” - Alb - Bid. 20 Kg + Intaritor - Bid. 4 Kg,Vopsea,5941930704475
Pachet Vopsea Poliuretanica de Yachturi “Emex” - Albastru - Bid. 4 Kg + Intaritor - Bid. 0.8 Kg,Vopsea,5941930704482
Pachet Vopsea Poliuretanica de Yachturi “Emex” - Albastru - Bid. 20 Kg + Intaritor - Bid. 4 Kg,Vopsea,5941930704499
Pachet Lac Poliuretanic “Emex UV Shield” - Transparent - Bid. 3 Kg + Intaritor - Bid. 0.9 Kg,Lacuri Parchet,5941930704505
Pachet Lac Poliuretanic “Emex UV Shield” - Transparent - Bid. 16 Kg + Intaritor - Bid. 4.8 Kg,Lacuri Parchet,5941930704512
Pachet Vopsea Intermediara Epoxy-Poliamidica “Emex Spark” - Gri - Bid 6 Kg + Intaritor Bid.0.84 Kg,Vopsea,5941930704529
Pachet Vopsea IntermediaraEpoxy-Poliamidica “Emex Spark” - Gri - Bid 30 Kg + Intaritor Bid.4.20 Kg,Vopsea,5941930704536
Pachet Vopsea IntermediaraEpoxy-Poliamidica “Emex Spark” - Rosu-Oxid - Bid 6 Kg + Intaritor Bid.0.84 Kg,Vopsea,5941930704543
Pachet Vopsea IntermediaraEpoxy-Poliamidica “Emex Spark” - Rosu-Oxid - Bid 30 Kg + Intaritor Bid.4.20 Kg,Vopsea,5941930704550
Pachet Vopsea IntermediaraEpoxy-Poliamidica “Emex Spark” - Negru - Bid 6 Kg + Intaritor Bid.0.84 Kg,Vopsea,5941930704567
Pachet Vopsea IntermediaraEpoxy-Poliamidica “Emex Spark” - Negru - Bid 30 Kg + Intaritor Bid.4.20 Kg,Vopsea,5941930704574
Email Alchido-Melaminic “Emex” - Alb - Bid. 5 Kg,Vopsea,5941930704581
Email Alchido-Melaminic “Emex” - Alb - Bid. 23 Kg,Vopsea,5941930704598
Email Alchido-Melaminic “Emex” - Gri - Bid. 5 Kg,Vopsea,5941930704604
Email Alchido-Melaminic “Emex” - Gri - Bid. 23 Kg,Vopsea,5941930704611
Email Alchido-Melaminic “Emex” - Crem - Bid. 5 Kg,Vopsea,5941930704628
Email Alchido-Melaminic “Emex” - Crem - Bid. 23 Kg,Vopsea,5941930704635
Email Alchido-Melaminic “Emex” - Galben - Bid. 5 Kg,Vopsea,5941930704642
Email Alchido-Melaminic “Emex” - Galben - Bid. 23 Kg,Vopsea,5941930704659
Email Alchido-Melaminic “Emex” - Albastru - Bid. 5 Kg,Vopsea,5941930704666
Email Alchido-Melaminic “Emex” - Albastru - Bid. 23 Kg,Vopsea,5941930704673
Email Alchido-Melaminic “Emex” - Verde - Bid. 5 Kg,Vopsea,5941930704680
Email Alchido-Melaminic “Emex” - Verde - Bid. 23 Kg,Vopsea,5941930704697
Email Alchido-Melaminic “Emex” - Rosu - Bid. 5 Kg,Vopsea,5941930704703
Email Alchido-Melaminic “Emex” - Rosu - Bid. 23 Kg,Vopsea,5941930704710
Email Alchido-Melaminic “Emex” - Maro - Bid. 5 Kg,Vopsea,5941930704727
Email Alchido-Melaminic “Emex” - Maro - Bid. 23 Kg,Vopsea,5941930704734
Email Alchido-Melaminic “Emex” - Negru - Bid. 5 Kg,Vopsea,5941930704741
Email Alchido-Melaminic “Emex” - Negru - Bid. 23 Kg,Vopsea,5941930704758
Email Lovitura de Ciocan “Emex” - Argintiu - Bid. 4 Kg,Vopsea,5941930704765
Email Lovitura de Ciocan “Emex” - Argintiu - Bid. 20 Kg,Vopsea,5941930704772
Email Lovitura de Ciocan “Emex” - Auriu - Bid. 4 Kg,Vopsea,5941930704789
Email Lovitura de Ciocan “Emex” - Auriu - Bid. 20 Kg,Vopsea,5941930704796
Email Lovitura de Ciocan “Emex” - Albastru - Bid. 4 Kg,Vopsea,5941930704802
Email Lovitura de Ciocan “Emex” - Albastru - Bid. 20 Kg,Vopsea,5941930704819
Email Lovitura de Ciocan “Emex” - Verde - Bid. 4 Kg,Vopsea,5941930704826
Email Lovitura de Ciocan “Emex” - Verde - Bid. 20 Kg,Vopsea,5941930704833
Email Lovitura de Ciocan “Emex” - Maro - Bid. 4 Kg,Vopsea,5941930704840
Email Lovitura de Ciocan “Emex” - Maro - Bid. 20 Kg,Vopsea,5941930704857
Email Lovitura de Ciocan “Emex” - Negru - Bid. 4 Kg,Vopsea,5941930704864
Email Lovitura de Ciocan “Emex” - Negru - Bid. 20 Kg,Vopsea,5941930704871
Vopsea Siliconica Termorezistenta “Emex TRS 700” - Argintiu - Bid. 4 Kg,Vopsea,5941930704888
Vopsea Siliconica Termorezistenta “Emex TRS 700” - Argintiu - Bid. 20 Kg,Vopsea,5941930704895
Vopsea Siliconica Termorezistenta “Emex TRS 700” - Negru - Bid. 4 Kg,Vopsea,5941930704901
Vopsea Siliconica Termorezistenta “Emex TRS 700” - Negru - Bid. 20 Kg,Vopsea,5941930704918
Vopsea Metalizata Acrilica “Emex” - Argintiu - Bid. 4 Kg,Vopsea,5941930704925
Vopsea Metalizata Acrilica “Emex” - Argintiu - Bid. 20 Kg,Vopsea,5941930704932
Vopsea Metalizata Acrilica “Emex” - Auriu - Bid. 4 Kg,Vopsea,5941930704949
Vopsea Metalizata Acrilica “Emex” - Auriu - Bid. 20 Kg,Vopsea,5941930704956
Lac protectie metal “Emex Bliss” - Transparent - Bid. 4 Kg,Lacuri Parchet,5941930704963
Lac protectie metal “Emex Bliss” - Transparent - Bid. 20 Kg,Lacuri Parchet,5941930704970
Convertor de Rugina “Emex Oxifer” - Bid. 3 Kg,Vopsea,5941930704994
Pachet Vopsea Poliuretanica de Mobila “Emex” - Alb - Bid. 4 Kg + Intaritor - Bid. 0.8 Kg,Vopsea,5941930705007
Pachet Vopsea Poliuretanica de Mobila “Emex” - Alb - Bid. 20 Kg + Intaritor - Bid. 4 Kg,Vopsea,5941930705014
Pachet Vopsea Poliuretanica de Mobila “Emex” - Gri - Bid. 4 Kg + Intaritor - Bid. 0.8 Kg,Vopsea,5941930705021
Pachet Vopsea Poliuretanica de Mobila “Emex” - Gri - Bid. 20 Kg + Intaritor - Bid. 4 Kg,Vopsea,5941930705038
Pachet Vopsea Poliuretanica de Mobila “Emex” - Crem - Bid. 4 Kg + Intaritor - Bid. 0.8 Kg,Vopsea,5941930705045
Pachet Vopsea Poliuretanica de Mobila “Emex” - Crem - Bid. 20 Kg + Intaritor - Bid. 4 Kg,Vopsea,5941930705052
Pachet Vopsea Poliuretanica de Mobila “Emex” - Galben - Bid. 4 Kg + Intaritor - Bid. 0.8 Kg,Vopsea,5941930705069
Pachet Vopsea Poliuretanica de Mobila “Emex” - Galben - Bid. 20 Kg + Intaritor - Bid. 4 Kg,Vopsea,5941930705076
Pachet Vopsea Poliuretanica de Mobila “Emex” - Albastru - Bid. 4 Kg + Intaritor - Bid. 0.8 Kg,Vopsea,5941930705083
Pachet Vopsea Poliuretanica de Mobila “Emex” - Albastru - Bid. 20 Kg + Intaritor - Bid. 4 Kg,Vopsea,5941930705090
Pachet Vopsea Poliuretanica de Mobila “Emex” - Verde - Bid. 4 Kg + Intaritor - Bid. 0.8 Kg,Vopsea,5941930705106
Pachet Vopsea Poliuretanica de Mobila “Emex” - Verde - Bid. 20 Kg + Intaritor - Bid. 4 Kg,Vopsea,5941930705113
Pachet Vopsea Poliuretanica de Mobila “Emex” - Rosu - Bid. 4 Kg + Intaritor - Bid. 0.8 Kg,Vopsea,5941930705120
Pachet Vopsea Poliuretanica de Mobila “Emex” - Rosu - Bid. 20 Kg + Intaritor - Bid. 4 Kg,Vopsea,5941930705137
Pachet Vopsea Poliuretanica de Mobila “Emex” - Negru - Bid. 4 Kg + Intaritor - Bid. 0.8 Kg,Vopsea,5941930705144
Pachet Vopsea Poliuretanica de Mobila “Emex” - Negru - Bid. 20 Kg + Intaritor - Bid. 4 Kg,Vopsea,5941930705151
Pachet Lac Poliuretanic pentru Mobila “Emex” - Transparent - Bid. 3 Kg + Intaritor - Bid. 0.9 Kg,Lacuri Parchet,5941930705168
Pachet Lac Poliuretanic pentru Mobila “Emex” - Transparent - Bid. 16 Kg + Intaritor - Bid. 4.8 Kg,Lacuri Parchet,5941930705175
Pachet Lac Poliuretanic pentru Mobila “Emex” - Cires - Bid. 3 Kg + Intaritor - Bid. 0.9 Kg,Lacuri Parchet,5941930705182
Pachet Lac Poliuretanic pentru Mobila “Emex” - Cires - Bid. 16 Kg + Intaritor - Bid. 4.8 Kg,Lacuri Parchet,5941930705199
Pachet Lac Poliuretanic pentru Mobila “Emex” - Bambus - Bid. 3 Kg + Intaritor - Bid. 0.9 Kg,Lacuri Parchet,5941930705205
Pachet Lac Poliuretanic pentru Mobila “Emex” - Bambus - Bid. 16 Kg + Intaritor - Bid. 4.8 Kg,Lacuri Parchet,5941930705212
Pachet Lac Poliuretanic pentru Mobila “Emex” - Stejar - Bid. 3 Kg + Intaritor - Bid. 0.9 Kg,Lacuri Parchet,5941930705229
Pachet Lac Poliuretanic pentru Mobila “Emex” - Stejar - Bid. 16 Kg + Intaritor - Bid. 4.8 Kg,Lacuri Parchet,5941930705236
Pachet Lac Poliuretanic pentru Mobila “Emex” - Castan - Bid. 3 Kg + Intaritor - Bid. 0.9 Kg,Lacuri Parchet,5941930705243
Pachet Lac Poliuretanic pentru Mobila “Emex” - Castan - Bid. 16 Kg + Intaritor - Bid. 4.8 Kg,Lacuri Parchet,5941930705250
Pachet Lac Poliuretanic pentru Mobila “Emex” - Mahon - Bid. 3 Kg + Intaritor - Bid. 0.9 Kg,Lacuri Parchet,5941930705267
Pachet Lac Poliuretanic pentru Mobila “Emex” - Mahon - Bid. 16 Kg + Intaritor - Bid. 4.8 Kg,Lacuri Parchet,5941930705274
Pachet Lac Poliuretanic pentru Mobila “Emex” - Nuc - Bid. 3 Kg + Intaritor - Bid. 0.9 Kg,Lacuri Parchet,5941930705281
Pachet Lac Poliuretanic pentru Mobila “Emex” - Nuc - Bid. 16 Kg + Intaritor - Bid. 4.8 Kg,Lacuri Parchet,5941930705298
Pachet Lac Poliuretanic pentru Mobila “Emex” - Tek - Bid. 3 Kg + Intaritor - Bid. 0.9 Kg,Lacuri Parchet,5941930705304
Pachet Lac Poliuretanic pentru Mobila “Emex” - Tek - Bid. 16 Kg + Intaritor - Bid. 4.8 Kg,Lacuri Parchet,5941930705311
Pachet Lac Poliuretanic pentru Mobila “Emex” - Abanos - Bid. 3 Kg + Intaritor - Bid. 0.9 Kg,Lacuri Parchet,5941930705328
Pachet Lac Poliuretanic pentru Mobila “Emex” - Abanos - Bid. 16 Kg + Intaritor - Bid. 4.8 Kg,Lacuri Parchet,5941930705335
Pachet Amorsa Epoxidica Solventata “Emex” - Bid. 3 Kg + Intaritor - Bid. 0.75 Kg,Grunduri,5941930705342
Pachet Amorsa Epoxidica Solventata “Emex” - Bid. 16 Kg + Intaritor - Bid. 4.00 Kg,Grunduri,5941930705359
Pachet Amorsa Epoxidica Emulsionata “Emex” - Bid. 4 Kg + Intaritor - Bid. 0.48 Kg,Grunduri,5941930705366
Pachet Amorsa Epoxidica Emulsionata “Emex” - Bid. 10 Kg + Intaritor - Bid. 1.2 Kg,Grunduri,5941930705373
Membrana Cauciucata Hidroizolanta “Supra MX” - Alb - Bid. 20 Kg,Hidroizolatii,5941930705526
Membrana Cauciucata Hidroizolanta “Supra MX” - Light Grey - Bid. 20 Kg,Hidroizolatii,5941930705533
Membrana Cauciucata Hidroizolanta “Supra MX” - Crem Pastel - Bid. 20 Kg,Hidroizolatii,5941930705540
Membrana Cauciucata Hidroizolanta “Supra MX” - Rosu Oxid - Bid. 20 Kg,Hidroizolatii,5941930705557
Membrana Cauciucata Hidroizolanta “Supra MX” - Vernil Pastel - Bid. 20 Kg,Hidroizolatii,5941930705564
Membrana Cauciucata Hidroizolanta “Supra MX” - Maro - Bid. 20 Kg,Hidroizolatii,5941930705571
Membrana Cauciucata Hidroizolanta “Supra MX” - Negru - Bid. 20 Kg,Hidroizolatii,5941930705588
Vopsea Hidroizolanta “Emex AQ Bar” - Alb - Bid. 10 Kg,Hidroizolatii,5941930705595
Vopsea Hidroizolanta “Emex AQ Bar” - Alb - Bid. 20 Kg,Hidroizolatii,5941930705601
Vopsea Hidroizolanta “Emex AQ Bar” - Gri - Bid. 10 Kg,Hidroizolatii,5941930705618
Vopsea Hidroizolanta “Emex AQ Bar” - Gri - Bid. 20 Kg,Hidroizolatii,5941930705625
Vopsea Hidroizolanta “Emex AQ Bar” - Bleu - Bid. 10 Kg,Hidroizolatii,5941930705632
Vopsea Hidroizolanta “Emex AQ Bar” - Bleu - Bid. 20 Kg,Hidroizolatii,5941930705649
Vopsea Hidroizolanta “Emex AQ Bar” - Maro - Bid. 10 Kg,Hidroizolatii,5941930705656
Vopsea Hidroizolanta “Emex AQ Bar” - Maro - Bid. 20 Kg,Hidroizolatii,5941930705663
Vopsea Hidroizolanta “Emex AQ Bar” - Negru - Bid. 10 Kg,Hidroizolatii,5941930705670
Vopsea Hidroizolanta “Emex AQ Bar” - Negru - Bid. 20 Kg,Hidroizolatii,5941930705687
Vopsea Acrilica de Tigla “Emex” - Alb - Bid. 15 L,Vopsea,5941930705694
Vopsea Acrilica de Tigla “Emex” - Gri - Bid. 15 L,Vopsea,5941930705700
Vopsea Acrilica de Tigla “Emex” - Grena - Bid. 15 L,Vopsea,5941930705717
Vopsea Acrilica de Tigla “Emex” - Maro - Bid. 15 L,Vopsea,5941930705724
Vopsea Acrilica de Tigla “Emex” - Negru - Bid. 15 L,Vopsea,5941930705731
Vopsea Acrilica Metal “Emex Supramet” - Alb - Bid. 4 Kg,Vopsea,5941930705748
Vopsea Acrilica Metal “Emex Supramet” - Gri - Bid. 4 Kg,Vopsea,5941930705755
Vopsea Acrilica Metal “Emex Supramet” - Crem - Bid. 4 Kg,Vopsea,5941930705762
Vopsea Acrilica Metal “Emex Supramet” - Galben - Bid. 4 Kg,Vopsea,5941930705779
Vopsea Acrilica Metal “Emex Supramet” - Albastru - Bid. 4 Kg,Vopsea,5941930705786
Vopsea Acrilica Metal “Emex Supramet” - Verde - Bid. 4 Kg,Vopsea,5941930705793
Vopsea Acrilica Metal “Emex Supramet” - Rosu - Bid. 4 Kg,Vopsea,5941930705809
Vopsea Acrilica Metal “Emex Supramet” - Maro - Bid. 4 Kg,Vopsea,5941930705816
Vopsea Acrilica Metal “Emex Supramet” - Negru - Bid. 4 Kg,Vopsea,5941930705823
Vopsea Acrilica pentru Mobila “Emex” - Alb - Bid. 4 Kg,Vopsea,5941930705922
Vopsea Acrilica pentru Mobila “Emex” - Gri - Bid. 4 Kg,Vopsea,5941930705939
Vopsea Acrilica pentru Mobila “Emex” - Crem - Bid. 4 Kg,Vopsea,5941930705946
Vopsea Acrilica pentru Mobila “Emex” - Galben - Bid. 4 Kg,Vopsea,5941930705953
Vopsea Acrilica pentru Mobila “Emex” - Albastru - Bid. 4 Kg,Vopsea,5941930705960
Vopsea Acrilica pentru Mobila “Emex” - Verde - Bid. 4 Kg,Vopsea,5941930705977
Vopsea Acrilica pentru Mobila “Emex” - Rosu - Bid. 4 Kg,Vopsea,5941930705984
Vopsea Acrilica pentru Mobila “Emex” - Negru - Bid. 4 Kg,Vopsea,5941930705991
Pachet Pardoseala Epoxidica Autonivelanta “Emex” - Alb - Bid. 20 Kg + Intaritor - Bid. 4 Kg,Vopsea,5941930706134
Pachet Pardoseala Epoxidica Autonivelanta “Emex” - Gri - Bid. 20 Kg + Intaritor - Bid. 4 Kg,Vopsea,5941930706141
Pachet Pardoseala Epoxidica Autonivelanta “Emex” - Crem - Bid. 20 Kg + Intaritor - Bid. 4 Kg,Vopsea,5941930706158
Pachet Pardoseala Epoxidica Autonivelanta “Emex” - Galben - Bid. 20 Kg + Intaritor - Bid. 4 Kg,Vopsea,5941930706165
Pachet Pardoseala Epoxidica Autonivelanta “Emex” - Albastru - Bid. 20 Kg + Intaritor - Bid. 4 Kg,Vopsea,5941930706172
Pachet Pardoseala Epoxidica Autonivelanta “Emex” - Verde - Bid. 20 Kg + Intaritor - Bid. 4 Kg,Vopsea,5941930706189
Pachet Pardoseala Epoxidica Autonivelanta “Emex” - Rosu - Bid. 20 Kg + Intaritor - Bid. 4 Kg,Vopsea,5941930706196
Pachet Pardoseala Epoxidica Autonivelanta “Emex” - Maro - Bid. 20 Kg + Intaritor - Bid. 4 Kg,Vopsea,5941930706202
Pachet Pardoseala Epoxidica Autonivelanta “Emex” - Negru - Bid. 20 Kg + Intaritor - Bid. 4 Kg,Vopsea,5941930706219
Pachet Pardoseala Poliuretanica Autonivelanta “Emex” - Alb - Bid. 20 Kg + Intaritor - Bid. 7.6 Kg,Vopsea,5941930706318
Pachet Pardoseala Poliuretanica Autonivelanta “Emex” - Gri - Bid. 20 Kg + Intaritor - Bid. 7.6 Kg,Vopsea,5941930706325
Pachet Pardoseala Poliuretanica Autonivelanta “Emex” - Crem - Bid. 20 Kg + Intaritor - Bid. 7.6 Kg,Vopsea,5941930706332
Pachet Pardoseala Poliuretanica Autonivelanta “Emex” - Galben - Bid. 20 Kg + Intaritor - Bid. 7.6 Kg,Vopsea,5941930706349
Pachet Pardoseala Poliuretanica Autonivelanta “Emex” - Albastru - Bid. 20 Kg + Intaritor - Bid. 7.6 Kg,Vopsea,5941930706356
Pachet Pardoseala Poliuretanica Autonivelanta “Emex” - Verde - Bid. 20 Kg + Intaritor - Bid. 7.6 Kg,Vopsea,5941930706363
Pachet Pardoseala Poliuretanica Autonivelanta “Emex” - Rosu - Bid. 20 Kg + Intaritor - Bid. 7.6 Kg,Vopsea,5941930706370
Pachet Pardoseala Poliuretanica Autonivelanta “Emex” - Maro - Bid. 20 Kg + Intaritor - Bid. 7.6 Kg,Vopsea,5941930706387
Pachet Pardoseala Poliuretanica Autonivelanta “Emex” - Negru - Bid. 20 Kg + Intaritor - Bid. 7.6 Kg,Vopsea,5941930706394
Pachet Pardoseala Poliuretanica Elastica “Emex” - Alb - Bid. 20 Kg + Intaritor - Bid. 3.60 Kg,Vopsea,5941930706400
Pachet Pardoseala Poliuretanica Elastica “Emex” - Gri - Bid. 20 Kg + Intaritor - Bid. 3.60 Kg,Vopsea,5941930706417
Pachet Pardoseala Poliuretanica Elastica “Emex” - Crem - Bid. 20 Kg + Intaritor - Bid. 3.60 Kg,Vopsea,5941930706424
Pachet Pardoseala Poliuretanica Elastica “Emex” - Galben - Bid. 20 Kg + Intaritor - Bid. 3.60 Kg,Vopsea,5941930706431
Pachet Pardoseala Poliuretanica Elastica “Emex” - Albastru - Bid. 20 Kg + Intaritor - Bid. 3.60 Kg,Vopsea,5941930706448
Pachet Pardoseala Poliuretanica Elastica “Emex” - Verde - Bid. 20 Kg + Intaritor - Bid. 3.60 Kg,Vopsea,5941930706455
Pachet Pardoseala Poliuretanica Elastica “Emex” - Rosu - Bid. 20 Kg + Intaritor - Bid. 3.60 Kg,Vopsea,5941930706462
Pachet Pardoseala Poliuretanica Elastica “Emex” - Maro - Bid. 20 Kg + Intaritor - Bid. 3.60 Kg,Vopsea,5941930706479
Pachet Pardoseala Poliuretanica Elastica “Emex” - Negru - Bid. 20 Kg + Intaritor - Bid. 3.60 Kg,Vopsea,5941930706486
Pachet Mortar Epoxidic “Emex Fill” - Gri - Bid. 10 Kg + Intaritor - Bid. 1 Kg,Chit,5941930706608
Pachet Mortar Epoxidic “Emex Fill” - Gri - Bid. 20 Kg + Intaritor - Bid. 2 Kg,Chit,5941930706615
Pachet Sapa Epoxy-Cimentica “Emex Mineral” - Gri - Bid. 20 Kg - 3 componente,Vopsea,5941930706622
Pachet Grund Epoxidic Impregnare Solvent-Free “Emex” - Bid. 4 Kg + Intaritor - Bid. 2 Kg,Grunduri,5941930706738
Pachet Grund Epoxidic Impregnare Solvent-Free “Emex” - Bid. 20 Kg + Intaritor - Bid. 10 Kg,Grunduri,5941930706745
Pachet Vopsea Epoxidica Pardoseala “Emex” - Alb - Bid. 4 Kg + Intaritor - Bid. 0.70 Kg,Vopsea,5941930706813
Pachet Vopsea Epoxidica Pardoseala “Emex” - Alb - Bid. 20 Kg + Intaritor - Bid. 3.50 Kg,Vopsea,5941930706820
Pachet Vopsea Epoxidica Pardoseala “Emex” - Gri - Bid. 4 Kg + Intaritor - Bid. 0.70 Kg,Vopsea,5941930706837
Pachet Vopsea Epoxidica Pardoseala “Emex” - Gri - Bid. 20 Kg + Intaritor - Bid. 3.50 Kg,Vopsea,5941930706844
Pachet Vopsea Epoxidica Pardoseala “Emex” - Crem - Bid. 4 Kg + Intaritor - Bid. 0.70 Kg,Vopsea,5941930706851
Pachet Vopsea Epoxidica Pardoseala “Emex” - Crem - Bid. 20 Kg + Intaritor - Bid. 3.50 Kg,Vopsea,5941930706868
Pachet Vopsea Epoxidica Pardoseala “Emex” - Galben - Bid. 4 Kg + Intaritor - Bid. 0.70 Kg,Vopsea,5941930706875
Pachet Vopsea Epoxidica Pardoseala “Emex” - Galben - Bid. 20 Kg + Intaritor - Bid. 3.50 Kg,Vopsea,5941930706882
Pachet Vopsea Epoxidica Pardoseala “Emex” - Albastru - Bid. 4 Kg + Intaritor - Bid. 0.70 Kg,Vopsea,5941930706899
Pachet Vopsea Epoxidica Pardoseala “Emex” - Albastru - Bid. 20 Kg + Intaritor - Bid. 3.50 Kg,Vopsea,5941930706905
Pachet Vopsea Epoxidica Pardoseala “Emex” - Verde - Bid. 4 Kg + Intaritor - Bid. 0.70 Kg,Vopsea,5941930706912
Pachet Vopsea Epoxidica Pardoseala “Emex” - Verde - Bid. 20 Kg + Intaritor - Bid. 3.50 Kg,Vopsea,5941930706929
Pachet Vopsea Epoxidica Pardoseala “Emex” - Rosu - Bid. 4 Kg + Intaritor - Bid. 0.70 Kg,Vopsea,5941930706936
Pachet Vopsea Epoxidica Pardoseala “Emex” - Rosu - Bid. 20 Kg + Intaritor - Bid. 3.50 Kg,Vopsea,5941930706943
Pachet Vopsea Epoxidica Pardoseala “Emex” - Maro - Bid. 4 Kg + Intaritor - Bid. 0.70 Kg,Vopsea,5941930706950
Pachet Vopsea Epoxidica Pardoseala “Emex” - Maro - Bid. 20 Kg + Intaritor - Bid. 3.50 Kg,Vopsea,5941930706967
Pachet Vopsea Epoxidica Pardoseala “Emex” - Negru - Bid. 4 Kg + Intaritor - Bid. 0.70 Kg,Vopsea,5941930706974
Pachet Vopsea Epoxidica Pardoseala “Emex” - Negru - Bid. 20 Kg + Intaritor - Bid. 3.50 Kg,Vopsea,5941930706981
Pachet Vopsea Epoxidica Pardoseala cu Microfulgi “Emex” - Alb - Bid. 4 Kg + Intaritor - Bid. 0.70 Kg,Vopsea,5941930706998
Pachet Vopsea Epoxidica Pardoseala cu Microfulgi “Emex” - Alb - Bid. 20 Kg + Intaritor - Bid. 3.50 Kg,Vopsea,5941930707001
Pachet Vopsea Epoxidica Pardoseala cu Microfulgi “Emex” - Gri - Bid. 4 Kg + Intaritor - Bid. 0.70 Kg,Vopsea,5941930707018
Pachet Vopsea Epoxidica Pardoseala cu Microfulgi “Emex” - Gri - Bid. 20 Kg + Intaritor - Bid. 3.50 Kg,Vopsea,5941930707025
Pachet Vopsea Epoxidica Pardoseala cu Microfulgi “Emex” - Crem - Bid. 4 Kg + Intaritor - Bid. 0.70 Kg,Vopsea,5941930707032
Pachet Vopsea Epoxidica Pardoseala cu Microfulgi “Emex” - Crem - Bid. 20 Kg + Intaritor - Bid. 3.50 Kg,Vopsea,5941930707049
Pachet Vopsea Epoxidica Pardoseala cu Microfulgi “Emex” - Galben - Bid. 4 Kg + Intaritor - Bid. 0.70 Kg,Vopsea,5941930707056
Pachet Vopsea Epoxidica Pardoseala cu Microfulgi “Emex” - Galben - Bid. 20 Kg + Intaritor - Bid. 3.50 Kg,Vopsea,5941930707063
Pachet Vopsea Epoxidica Pardoseala cu Microfulgi “Emex” - Albastru - Bid. 4 Kg + Intaritor - Bid. 0.70 Kg,Vopsea,5941930707070
Pachet Vopsea Epoxidica Pardoseala cu Microfulgi “Emex” - Albastru - Bid. 20 Kg + Intaritor - Bid. 3.50 Kg,Vopsea,5941930707087
Pachet Vopsea Epoxidica Pardoseala cu Microfulgi “Emex” - Verde - Bid. 4 Kg + Intaritor - Bid. 0.70 Kg,Vopsea,5941930707094
Pachet Vopsea Epoxidica Pardoseala cu Microfulgi “Emex” - Verde - Bid. 20 Kg + Intaritor - Bid. 3.50 Kg,Vopsea,5941930707100
Pachet Vopsea Epoxidica Pardoseala cu Microfulgi “Emex” - Rosu - Bid. 4 Kg + Intaritor - Bid. 0.70 Kg,Vopsea,5941930707117
Pachet Vopsea Epoxidica Pardoseala cu Microfulgi “Emex” - Rosu - Bid. 20 Kg + Intaritor - Bid. 3.50 Kg,Vopsea,5941930707124
Pachet Vopsea Epoxidica Pardoseala cu Microfulgi “Emex” - Maro - Bid. 4 Kg + Intaritor - Bid. 0.70 Kg,Vopsea,5941930707131
Pachet Vopsea Epoxidica Pardoseala cu Microfulgi “Emex” - Maro - Bid. 20 Kg + Intaritor - Bid. 3.50 Kg,Vopsea,5941930707148
Pachet Vopsea Epoxidica Pardoseala cu Microfulgi “Emex” - Negru - Bid. 4 Kg + Intaritor - Bid. 0.70 Kg,Vopsea,5941930707155
Pachet Vopsea Epoxidica Pardoseala cu Microfulgi “Emex” - Negru - Bid. 20 Kg + Intaritor - Bid. 3.50 Kg,Vopsea,5941930707162
Pachet Vopsea Epoxidica Emulsionata Pardoseli “Emex Deck” - Alb - Bid. 4 Kg + Intaritor - Bid. 4 Kg,Vopsea,5941930707179
Pachet Vopsea Epoxidica Emulsionata Pardoseli “Emex Deck” - Alb - Bid. 10 Kg + Intaritor - Bid. 10 Kg,Vopsea,5941930707186
Pachet Vopsea Epoxidica Emulsionata Pardoseli “Emex Deck” - Gri - Bid. 4 Kg + Intaritor - Bid. 4 Kg,Vopsea,5941930707193
Pachet Vopsea Epoxidica Emulsionata Pardoseli “Emex Deck” - Gri - Bid. 10 Kg + Intaritor - Bid. 10 Kg,Vopsea,5941930707209
Pachet Vopsea Epoxidica Emulsionata Pardoseli “Emex Deck” - Crem - Bid. 4 Kg + Intaritor - Bid. 4 Kg,Vopsea,5941930707216
Pachet Vopsea Epoxidica Emulsionata Pardoseli “Emex Deck” - Crem - Bid. 10 Kg + Intaritor - Bid. 10 Kg,Vopsea,5941930707223
Pachet Vopsea Epoxidica Emulsionata Pardoseli “Emex Deck” - Galben - Bid. 4 Kg + Intaritor - Bid. 4 Kg,Vopsea,5941930707230
Pachet Vopsea Epoxidica Emulsionata Pardoseli “Emex Deck” - Galben - Bid. 10 Kg + Intaritor - Bid. 10 Kg,Vopsea,5941930707247
Pachet Vopsea Epoxidica Emulsionata Pardoseli “Emex Deck” - Albastru - Bid. 4 Kg + Intaritor - Bid. 4 Kg,Vopsea,5941930707254
Pachet Vopsea Epoxidica Emulsionata Pardoseli “Emex Deck” - Albastru - Bid. 10 Kg + Intaritor - Bid. 10 Kg,Vopsea,5941930707261
Pachet Vopsea Epoxidica Emulsionata Pardoseli “Emex Deck” - Verde - Bid. 4 Kg + Intaritor - Bid. 4 Kg,Vopsea,5941930707278
Pachet Vopsea Epoxidica Emulsionata Pardoseli “Emex Deck” - Verde - Bid. 10 Kg + Intaritor - Bid. 10 Kg,Vopsea,5941930707285
Pachet Vopsea Epoxidica Emulsionata Pardoseli “Emex Deck” - Rosu - Bid. 4 Kg + Intaritor - Bid. 4 Kg,Vopsea,5941930707292
Pachet Vopsea Epoxidica Emulsionata Pardoseli “Emex Deck” - Rosu - Bid. 10 Kg + Intaritor - Bid. 10 Kg,Vopsea,5941930707308
Pachet Vopsea Epoxidica Emulsionata Pardoseli “Emex Deck” - Maro - Bid. 4 Kg + Intaritor - Bid. 4 Kg,Vopsea,5941930707315
Pachet Vopsea Epoxidica Emulsionata Pardoseli “Emex Deck” - Maro - Bid. 10 Kg + Intaritor - Bid. 10 Kg,Vopsea,5941930707322
Pachet Vopsea Epoxidica Emulsionata Pardoseli “Emex Deck” - Negru - Bid. 4 Kg + Intaritor - Bid. 4 Kg,Vopsea,5941930707339
Pachet Vopsea Epoxidica Emulsionata Pardoseli “Emex Deck” - Negru - Bid. 10 Kg + Intaritor - Bid. 10 Kg,Vopsea,5941930707346
Pachet Vopsea Poliuretanica Pardoseala “Emex” - Alb - Bid. 4 Kg + Intaritor - Bid. 0.8 Kg,Vopsea,5941930707353
Pachet Vopsea Poliuretanica Pardoseala “Emex” - Alb - Bid. 20 Kg + Intaritor - Bid. 4 Kg,Vopsea,5941930707360
Pachet Vopsea Poliuretanica Pardoseala “Emex” - Gri - Bid. 4 Kg + Intaritor - Bid. 0.8 Kg,Vopsea,5941930707377
Pachet Vopsea Poliuretanica Pardoseala “Emex” - Gri - Bid. 20 Kg + Intaritor - Bid. 4 Kg,Vopsea,5941930707384
Pachet Vopsea Poliuretanica Pardoseala “Emex” - Crem - Bid. 4 Kg + Intaritor - Bid. 0.8 Kg,Vopsea,5941930707391
Pachet Vopsea Poliuretanica Pardoseala “Emex” - Crem - Bid. 20 Kg + Intaritor - Bid. 4 Kg,Vopsea,5941930707407
Pachet Vopsea Poliuretanica Pardoseala “Emex” - Galben - Bid. 4 Kg + Intaritor - Bid. 0.8 Kg,Vopsea,5941930707414
Pachet Vopsea Poliuretanica Pardoseala “Emex” - Galben - Bid. 20 Kg + Intaritor - Bid. 4 Kg,Vopsea,5941930707421
Pachet Vopsea Poliuretanica Pardoseala “Emex” - Albastru - Bid. 4 Kg + Intaritor - Bid. 0.8 Kg,Vopsea,5941930707438
Pachet Vopsea Poliuretanica Pardoseala “Emex” - Albastru - Bid. 20 Kg + Intaritor - Bid. 4 Kg,Vopsea,5941930707445
Pachet Vopsea Poliuretanica Pardoseala “Emex” - Verde - Bid. 4 Kg + Intaritor - Bid. 0.8 Kg,Vopsea,5941930707452
Pachet Vopsea Poliuretanica Pardoseala “Emex” - Verde - Bid. 20 Kg + Intaritor - Bid. 4 Kg,Vopsea,5941930707469
Pachet Vopsea Poliuretanica Pardoseala “Emex” - Rosu - Bid. 4 Kg + Intaritor - Bid. 0.8 Kg,Vopsea,5941930707476
Pachet Vopsea Poliuretanica Pardoseala “Emex” - Rosu - Bid. 20 Kg + Intaritor - Bid. 4 Kg,Vopsea,5941930707483
Pachet Vopsea Poliuretanica Pardoseala “Emex” - Maro - Bid. 4 Kg + Intaritor - Bid. 0.8 Kg,Vopsea,5941930707490
Pachet Vopsea Poliuretanica Pardoseala “Emex” - Maro - Bid. 20 Kg + Intaritor - Bid. 4 Kg,Vopsea,5941930707506
Pachet Vopsea Poliuretanica Pardoseala “Emex” - Negru - Bid. 4 Kg + Intaritor - Bid. 0.8 Kg,Vopsea,5941930707513
Pachet Vopsea Poliuretanica Pardoseala “Emex” - Negru - Bid. 20 Kg + Intaritor - Bid. 4 Kg,Vopsea,5941930707520
Vopsea Clorcauciuc Pardoseala “Emex” - Alb - Bid. 5 Kg,Vopsea,5941930707537
Vopsea Clorcauciuc Pardoseala “Emex” - Alb - Bid. 23 Kg,Vopsea,5941930707544
Vopsea Clorcauciuc Pardoseala “Emex” - Gri - Bid. 5 Kg,Vopsea,5941930707551
Vopsea Clorcauciuc Pardoseala “Emex” - Gri - Bid. 23 Kg,Vopsea,5941930707568
Vopsea Clorcauciuc Pardoseala “Emex” - Crem - Bid. 5 Kg,Vopsea,5941930707575
Vopsea Clorcauciuc Pardoseala “Emex” - Crem - Bid. 23 Kg,Vopsea,5941930707582
Vopsea Clorcauciuc Pardoseala “Emex” - Galben - Bid. 5 Kg,Vopsea,5941930707599
Vopsea Clorcauciuc Pardoseala “Emex” - Galben - Bid. 23 Kg,Vopsea,5941930707605
Vopsea Clorcauciuc Pardoseala “Emex” - Albastru - Bid. 5 Kg,Vopsea,5941930707612
Vopsea Clorcauciuc Pardoseala “Emex” - Albastru - Bid. 23 Kg,Vopsea,5941930707629
Vopsea Clorcauciuc Pardoseala “Emex” - Verde - Bid. 5 Kg,Vopsea,5941930707636
Vopsea Clorcauciuc Pardoseala “Emex” - Verde - Bid. 23 Kg,Vopsea,5941930707643
Vopsea Clorcauciuc Pardoseala “Emex” - Rosu - Bid. 5 Kg,Vopsea,5941930707650
Vopsea Clorcauciuc Pardoseala “Emex” - Rosu - Bid. 23 Kg,Vopsea,5941930707667
Vopsea Clorcauciuc Pardoseala “Emex” - Maro - Bid. 5 Kg,Vopsea,5941930707674
Vopsea Clorcauciuc Pardoseala “Emex” - Maro - Bid. 23 Kg,Vopsea,5941930707681
Vopsea Clorcauciuc Pardoseala “Emex” - Negru - Bid. 5 Kg,Vopsea,5941930707698
Vopsea Clorcauciuc Pardoseala “Emex” - Negru - Bid. 23 Kg,Vopsea,5941930707704
Vopsea Marcaj Rutier “Emex Route” - Alb - Bid. 25 Kg,Vopsea,5941930707728
Vopsea Marcaj Rutier “Emex Route” - Galben - Bid. 25 Kg,Vopsea,5941930707742
Vopsea Marcaj Rutier “Emex Route” - Rosu - Bid. 25 Kg,Vopsea,5941930707766
Vopsea Marcaj Rutier “Emex Route” - Albastru - Bid. 25 Kg,Vopsea,5941930707780
Lac Beton Amprentat “Emex LS Patio” - Transparent - Bid. 4 Kg,Lacuri Parchet,5941930707834
Lac Beton Amprentat “Emex LS Patio” - Transparent - Bid. 20 Kg,Lacuri Parchet,5941930707841
Pachet Lac Poliuretanic Beton Amprentat “Emex PU Stamp” - Bid. 3 Kg + Intaritor - Bid. 0.9 Kg,Lacuri Parchet,5941930707933
Pachet Lac Poliuretanic Beton Amprentat “Emex PU Stamp” - Bid. 16 Kg + Intaritor - Bid. 4.8 Kg,Lacuri Parchet,5941930707940
Pachet Lac Epoxidic Solvent-Free “Emex Epoxy Contact” - Bid. 4 Kg + Intaritor - Bid. 2 Kg,Lacuri Parchet,5941930707957
Pachet Lac Epoxidic Solvent-Free “Emex Epoxy Contact” - Bid. 20 Kg + Intaritor - Bid. 10 Kg,Lacuri Parchet,5941930707964
Pachet Lac Epoxidic Solventat “Emex Epoxy Coat” - Bid. 3 Kg + Intaritor - Bid. 0.90 Kg,Lacuri Parchet,5941930707971
Pachet Lac Epoxidic Solventat “Emex Epoxy Coat” - Bid. 16 Kg + Intaritor - Bid. 4.80 Kg,Lacuri Parchet,5941930707988
Pachet Vopsea Poliuretanica “Emex Flexipol” - Alb - Bid. 4 Kg + Intaritor - Bid. 1 Kg,Vopsea,5941930707995
Pachet Vopsea Poliuretanica “Emex Flexipol” - Alb - Bid. 20 Kg + Intaritor - Bid. 5 Kg,Vopsea,5941930708008
Pachet Vopsea Poliuretanica “Emex Flexipol” - Gri - Bid. 4 Kg + Intaritor - Bid. 1 Kg,Vopsea,5941930708015
Pachet Vopsea Poliuretanica “Emex Flexipol” - Gri - Bid. 20 Kg + Intaritor - Bid. 5 Kg,Vopsea,5941930708022
Pachet Vopsea Poliuretanica “Emex Flexipol” - Crem - Bid. 4 Kg + Intaritor - Bid. 1 Kg,Vopsea,5941930708039
Pachet Vopsea Poliuretanica “Emex Flexipol” - Crem - Bid. 20 Kg + Intaritor - Bid. 5 Kg,Vopsea,5941930708046
Pachet Vopsea Poliuretanica “Emex Flexipol” - Galben - Bid. 4 Kg + Intaritor - Bid. 1 Kg,Vopsea,5941930708053
Pachet Vopsea Poliuretanica “Emex Flexipol” - Galben - Bid. 20 Kg + Intaritor - Bid. 5 Kg,Vopsea,5941930708060
Pachet Vopsea Poliuretanica “Emex Flexipol” - Albastru - Bid. 4 Kg + Intaritor - Bid. 1 Kg,Vopsea,5941930708077
Pachet Vopsea Poliuretanica “Emex Flexipol” - Albastru - Bid. 20 Kg + Intaritor - Bid. 5 Kg,Vopsea,5941930708084
Pachet Vopsea Poliuretanica “Emex Flexipol” - Verde - Bid. 4 Kg + Intaritor - Bid. 1 Kg,Vopsea,5941930708091
Pachet Vopsea Poliuretanica “Emex Flexipol” - Verde - Bid. 20 Kg + Intaritor - Bid. 5 Kg,Vopsea,5941930708107
Pachet Vopsea Poliuretanica “Emex Flexipol” - Rosu - Bid. 4 Kg + Intaritor - Bid. 1 Kg,Vopsea,5941930708114
Pachet Vopsea Poliuretanica “Emex Flexipol” - Rosu - Bid. 20 Kg + Intaritor - Bid. 5 Kg,Vopsea,5941930708121
Pachet Vopsea Poliuretanica “Emex Flexipol” - Maro - Bid. 4 Kg + Intaritor - Bid. 1 Kg,Vopsea,5941930708138
Pachet Vopsea Poliuretanica “Emex Flexipol” - Maro - Bid. 20 Kg + Intaritor - Bid. 5 Kg,Vopsea,5941930708145
Pachet Vopsea Poliuretanica “Emex Flexipol” - Negru - Bid. 4 Kg + Intaritor - Bid. 1 Kg,Vopsea,5941930708152
Pachet Vopsea Poliuretanica “Emex Flexipol” - Negru - Bid. 20 Kg + Intaritor - Bid. 5 Kg,Vopsea,5941930708169
Pachet Grund Epoxidic Amorsare Solventat “Emex” - Bid. 3 Kg + Intaritor - Bid. 0.75 Kg,Grunduri,5941930708176
Pachet Grund Epoxidic Amorsare Solventat “Emex” - Bid. 16 Kg + Intaritor - Bid. 4 Kg,Grunduri,5941930708183
Pachet Grund Poliuretanic Amorsare Solventat “Emex” - Bid. 3 Kg + Intaritor - Bid. 0.54 Kg,Grunduri,5941930708190
Pachet Grund Poliuretanic Amorsare Solventat “Emex” - Bid. 16 Kg + Intaritor - Bid. 2.90 Kg,Grunduri,5941930708206
Grund de Amorsare Clorcauciuc “Emex” - Transparent - Bid. 4 Kg,Grunduri,5941930708213
Grund de Amorsare Clorcauciuc “Emex” - Transparent - Bid. 20 Kg,Grunduri,5941930708220
Grund de Amorsare Clorcauciuc “Emex” - Nuantat - Bid. 4 Kg,Grunduri,5941930708237
Grund de Amorsare Clorcauciuc “Emex” - Nuantat - Bid. 20 Kg,Grunduri,5941930708244
Dezinfectant Suprafete “Emex Bactiguard” - Bid. 20 L,Alte materiale constructii,5941930708282
Dezinfectant Suprafete “Emex Advanced TR-HS Klor” - Bid. 20 L,Alte materiale constructii,5941930708305
Amorsa Acrilica Lichida “Emex” - Bid. 20 L,Grunduri,5941930708329
Amorsa Acrilica Antimucegai “Emex” - Bid. 20 L,Grunduri,5941930708343
Amorsa de Perete Siliconica “Emex” - Bid. 20 L,Grunduri,5941930708374
Amorsa de Perete Silicatica “Emex” - Bid. 20 L,Grunduri,5941930708398
Solutie Antimucegai de Sanitizare “Emex Forte” - Bid. 20 L,Chit,5941930708466
Pachet Grund Epoxidic Anticoroziv “Emex” - Rosu - Bid. 4 Kg + Intaritor - Bid. 0.6 Kg,Grunduri,5941930708473
Pachet Grund Epoxidic Anticoroziv “Emex” - Rosu - Bid. 20 Kg + Intaritor - Bid. 3 Kg,Grunduri,5941930708480
Pachet Grund Epoxidic Anticoroziv “Emex” - Gri - Bid. 4 Kg + Intaritor - Bid. 0.6 Kg,Grunduri,5941930708497
Pachet Grund Epoxidic Anticoroziv “Emex” - Gri - Bid. 20 Kg + Intaritor - Bid. 3 Kg,Grunduri,5941930708503
Pachet Grund Epoxidic Anticoroziv “Emex” - Galben - Bid. 4 Kg + Intaritor - Bid. 0.6 Kg,Grunduri,5941930708510
Pachet Grund Epoxidic Anticoroziv “Emex” - Galben - Bid. 20 Kg + Intaritor - Bid. 3 Kg,Grunduri,5941930708527
Pachet Grund Epoxidic Anticoroziv Emulsionat “Emex WD-AE” - Rosu - Bid. 4 Kg + Intaritor - Bid. 0.32 Kg,Grunduri,5941930708534
Pachet Grund Epoxidic Anticoroziv Emulsionat “Emex WD-AE” - Rosu - Bid. 10 Kg + Intaritor 0.8 Kg,Grunduri,5941930708541
Pachet Grund Epoxidic Anticoroziv Emulsionat “Emex WD-AE” - Gri - Bid. 4 Kg + Intaritor - Bid. 0.32 Kg,Grunduri,5941930708558
Pachet Grund Epoxidic Anticoroziv Emulsionat “Emex WD-AE” - Gri - Bid. 10 Kg + Intaritor 0.8 Kg,Grunduri,5941930708565
Pachet Grund Epoxidic Anticoroziv Emulsionat “Emex WD-AE” - Galben - Bid. 4 Kg + Intaritor - Bid. 0.32 Kg,Grunduri,5941930708572
Pachet Grund Epoxidic Anticoroziv Emulsionat “Emex WD-AE” - Galben - Bid. 10 Kg + Intaritor 0.8 Kg,Grunduri,5941930708589
Pachet Grund Poliuretanic Anticoroziv “Emex” - Rosu - Bid. 4 Kg + Intaritor - Bid. 0.6 Kg,Grunduri,5941930708596
Pachet Grund Poliuretanic Anticoroziv “Emex” - Rosu - Bid. 20 Kg + Intaritor - Bid. 3 Kg,Grunduri,5941930708602
Pachet Grund Poliuretanic Anticoroziv “Emex” - Gri - Bid. 4 Kg + Intaritor - Bid. 0.6 Kg,Grunduri,5941930708619
Pachet Grund Poliuretanic Anticoroziv “Emex” - Gri - Bid. 20 Kg + Intaritor - Bid. 3 Kg,Grunduri,5941930708626
Pachet Grund Poliuretanic Anticoroziv “Emex” - Galben - Bid. 4 Kg + Intaritor - Bid. 0.6 Kg,Grunduri,5941930708633
Pachet Grund Poliuretanic Anticoroziv “Emex” - Galben - Bid. 20 Kg + Intaritor - Bid. 3 Kg,Grunduri,5941930708640
Grund Anticoroziv Clorcauciuc “Emex” - Rosu - Bid. 6 Kg,Grunduri,5941930708657
Grund Anticoroziv Clorcauciuc “Emex” - Rosu - Bid. 30 Kg,Grunduri,5941930708664
Grund Anticoroziv Clorcauciuc “Emex” - Gri - Bid. 6 Kg,Grunduri,5941930708671
Grund Anticoroziv Clorcauciuc “Emex” - Gri - Bid. 30 Kg,Grunduri,5941930708688
Grund Anticoroziv Clorcauciuc “Emex” - Galben - Bid. 6 Kg,Grunduri,5941930708695
Grund Anticoroziv Clorcauciuc “Emex” - Galben - Bid. 30 Kg,Grunduri,5941930708701
Pachet Grund Poliesteric Anticoroziv “Emex” - Rosu - Bid. 4 Kg + Intaritor - Bid. 0.6 Kg,Grunduri,5941930708718
Pachet Grund Poliesteric Anticoroziv “Emex” - Rosu - Bid. 20 Kg + Intaritor - Bid. 3 Kg,Grunduri,5941930708725
Pachet Grund Poliesteric Anticoroziv “Emex” - Gri - Bid. 4 Kg + Intaritor - Bid. 0.6 Kg,Grunduri,5941930708732
Pachet Grund Poliesteric Anticoroziv “Emex” - Gri - Bid. 20 Kg + Intaritor - Bid. 3 Kg,Grunduri,5941930708749
Pachet Grund Poliesteric Anticoroziv “Emex” - Galben - Bid. 4 Kg + Intaritor - Bid. 0.6 Kg,Grunduri,5941930708756
Pachet Grund Poliesteric Anticoroziv “Emex” - Galben - Bid. 20 Kg + Intaritor - Bid. 3 Kg,Grunduri,5941930708763
Grund Anticoroziv Epoxi-Ester “Emex” - Rosu - Bid. 6 Kg,Grunduri,5941930708770
Grund Anticoroziv Epoxi-Ester “Emex” - Rosu - Bid. 30 Kg,Grunduri,5941930708787
Grund Anticoroziv Epoxi-Ester “Emex” - Gri - Bid. 6 Kg,Grunduri,5941930708794
Grund Anticoroziv Epoxi-Ester “Emex” - Gri - Bid. 30 Kg,Grunduri,5941930708800
Grund Anticoroziv Epoxi-Ester “Emex” - Galben - Bid. 6 Kg,Grunduri,5941930708817
Grund Anticoroziv Epoxi-Ester “Emex” - Galben - Bid. 30 Kg,Grunduri,5941930708824
Grund Anticoroziv Alchido-Melaminic “Emex” - Rosu - Bid. 6 Kg,Grunduri,5941930708831
Grund Anticoroziv Alchido-Melaminic “Emex” - Rosu - Bid. 30 Kg,Grunduri,5941930708848
Grund Anticoroziv Alchido-Melaminic “Emex” - Gri - Bid. 6 Kg,Grunduri,5941930708855
Grund Anticoroziv Alchido-Melaminic “Emex” - Gri - Bid. 30 Kg,Grunduri,5941930708862
Grund Anticoroziv Alchido-Melaminic “Emex” - Galben - Bid. 6 Kg,Grunduri,5941930708879
Grund Anticoroziv Alchido-Melaminic “Emex” - Galben - Bid. 30 Kg,Grunduri,5941930708886
Grund Alchidic Anticoroziv “Emex” - Rosu - Bid. 6 Kg,Grunduri,5941930702211
Grund Alchidic Anticoroziv “Emex” - Rosu - Bid. 30 Kg,Grunduri,5941930702228
Grund Alchidic Anticoroziv “Emex” - Gri - Bid. 6 Kg,Grunduri,5941930702235
Grund Alchidic Anticoroziv “Emex” - Gri - Bid. 30 Kg,Grunduri,5941930702242
Grund Alchidic Anticoroziv “Emex” - Galben - Bid. 6 Kg,Grunduri,5941930702259
Grund Alchidic Anticoroziv “Emex” - Galben - Bid. 30 Kg,Grunduri,5941930702266
Grund Anticoroziv Alchido-Stirenic “Emex” - Rosu - Bid. 5 Kg,Grunduri,5941930708893
Grund Anticoroziv Alchido-Stirenic “Emex” - Rosu - Bid. 25 Kg,Grunduri,5941930708909
Grund Anticoroziv Alchido-Stirenic “Emex” - Gri - Bid. 5 Kg,Grunduri,5941930708916
Grund Anticoroziv Alchido-Stirenic “Emex” - Gri - Bid. 25 Kg,Grunduri,5941930708923
Grund Anticoroziv Alchido-Stirenic “Emex” - Galben - Bid. 5 Kg,Grunduri,5941930708930
Grund Anticoroziv Alchido-Stirenic “Emex” - Galben - Bid. 25 Kg,Grunduri,5941930708947
Grund Anticoroziv Hidrosolubil “Emex AQ Eco” - Rosu - Bid. 5 Kg,Grunduri,5941930709012
Grund Anticoroziv Hidrosolubil “Emex AQ Eco” - Rosu - Bid. 10 Kg,Grunduri,5941930709029
Grund Anticoroziv Hidrosolubil “Emex AQ Eco” - Gri - Bid. 5 Kg,Grunduri,5941930709036
Grund Anticoroziv Hidrosolubil “Emex AQ Eco” - Gri - Bid. 10 Kg,Grunduri,5941930709043
Solutie Fosfatare Antirugina “Emex Rust Stop” - Bid. 5 L,Alte materiale constructii,5941930702310
Solutie Fosfatare Antirugina “Emex Rust Stop” - Bid. 20 L,Alte materiale constructii,5941930702327
Vopsea Elastomerica Exterior “Emex Flexio” - Alb - Bid. 20 Kg,Vopsea,5941930709050
Vopsea Elastomerica Exterior “Emex Flexio” - Light Grey - Bid. 20 Kg,Vopsea,5941930709067
Vopsea Elastomerica Exterior “Emex Flexio” - Crem Pastel - Bid. 20 Kg,Vopsea,5941930709074
Vopsea Elastomerica Exterior “Emex Flexio” - Galben Pastel - Bid. 20 Kg,Vopsea,5941930709081
Vopsea Elastomerica Exterior “Emex Flexio” - Roz Pastel - Bid. 20 Kg,Vopsea,5941930709098
Vopsea Elastomerica Exterior “Emex Flexio” - Bleu Pastel - Bid. 20 Kg,Vopsea,5941930709104
Vopsea Elastomerica Exterior “Emex Flexio” - Vernil Pastel - Bid. 20 Kg,Vopsea,5941930709111
Vopsea Lavabila Anticondens “Emex Ceramic” - Alb - Bid. 7 L,Vopsea,5941930709128
Vopsea Lavabila Anticondens “Emex Ceramic” - Alb - Bid. 15 L,Vopsea,5941930709135
Vopsea Lavabila Anticondens “Emex Ceramic” - Light Grey - Bid. 7 L,Vopsea,5941930709142
Vopsea Lavabila Anticondens “Emex Ceramic” - Light Grey - Bid. 15 L,Vopsea,5941930709159
Vopsea Lavabila Anticondens “Emex Ceramic” - Crem Pastel - Bid. 7 L,Vopsea,5941930709166
Vopsea Lavabila Anticondens “Emex Ceramic” - Crem Pastel - Bid. 15 L,Vopsea,5941930709173
Vopsea Lavabila Anticondens “Emex Ceramic” - Galben Pastel - Bid. 7 L,Vopsea,5941930709180
Vopsea Lavabila Anticondens “Emex Ceramic” - Galben Pastel - Bid. 15 L,Vopsea,5941930709197
Vopsea Lavabila Anticondens “Emex Ceramic” - Roz Pastel - Bid. 7 L,Vopsea,5941930709203
Vopsea Lavabila Anticondens “Emex Ceramic” - Roz Pastel - Bid. 15 L,Vopsea,5941930709210
Vopsea Lavabila Anticondens “Emex Ceramic” - Bleu Pastel - Bid. 7 L,Vopsea,5941930709227
Vopsea Lavabila Anticondens “Emex Ceramic” - Bleu Pastel - Bid. 15 L,Vopsea,5941930709234
Vopsea Lavabila Anticondens “Emex Ceramic” - Vernil Pastel - Bid. 7 L,Vopsea,5941930709241
Vopsea Lavabila Anticondens “Emex Ceramic” - Vernil Pastel - Bid. 15 L,Vopsea,5941930709258
Pachet Grund cu Zinc Epoxy-Poliamidic “Emex PZ-302” - Gri - Bid. 6 Kg + Bid. 0.45 Kg Intaritor,Grunduri,5941930709265
Pachet Grund cu Zinc Epoxy-Poliamidic “Emex PZ-302” - Gri - Bid. 30 Kg + Bid. 2.10 Kg Intaritor,Grunduri,5941930709272
Vopsea Marcaj Rutier pe Baza de Apa “Emex WT-Urban” - Alb - Bid. 5 Kg,Vopsea,5941930709289
Vopsea Marcaj Rutier pe Baza de Apa “Emex WT-Urban” - Alb - Bid. 20 Kg,Vopsea,5941930709296
Vopsea Marcaj Rutier pe Baza de Apa “Emex WT-Urban” - Galben - Bid. 5 Kg,Vopsea,5941930709302
Vopsea Marcaj Rutier pe Baza de Apa “Emex WT-Urban” - Galben - Bid. 20 Kg,Vopsea,5941930709319
Vopsea Marcaj Rutier pe Baza de Apa “Emex WT-Urban” - Rosu - Bid. 5 Kg,Vopsea,5941930709326
Vopsea Marcaj Rutier pe Baza de Apa “Emex WT-Urban” - Rosu - Bid. 20 Kg,Vopsea,5941930709333
Vopsea Marcaj Rutier pe Baza de Apa “Emex WT-Urban” - Albastru - Bid. 5 Kg,Vopsea,5941930709340
Vopsea Marcaj Rutier pe Baza de Apa “Emex WT-Urban” - Albastru - Bid. 20 Kg,Vopsea,5941930709357
Pachet Membrana Acrilica Hidroizolanta 2k “Emex HyPro” - 38 Kg,Alte materiale constructii,5941930709364
Pachet Email Epoxidic cu Microfulgi “Emex” - Alb - Bid. 4 Kg + Intaritor - Bid. 0.70 Kg,Vopsea,5941930709371
Pachet Email Epoxidic cu Microfulgi “Emex” - Alb - Bid. 20 Kg + Intaritor - Bid. 3.50 Kg,Vopsea,5941930709388
Pachet Email Epoxidic cu Microfulgi “Emex” - Gri - Bid. 4 Kg + Intaritor - Bid. 0.70 Kg,Vopsea,5941930709395
Pachet Email Epoxidic cu Microfulgi “Emex” - Gri - Bid. 20 Kg + Intaritor - Bid. 3.50 Kg,Vopsea,5941930709401
Pachet Email Epoxidic cu Microfulgi “Emex” - Crem - Bid. 4 Kg + Intaritor - Bid. 0.70 Kg,Vopsea,5941930709418
Pachet Email Epoxidic cu Microfulgi “Emex” - Crem - Bid. 20 Kg + Intaritor - Bid. 3.50 Kg,Vopsea,5941930709425
Pachet Email Epoxidic cu Microfulgi “Emex” - Galben - Bid. 4 Kg + Intaritor - Bid. 0.70 Kg,Vopsea,5941930709432
Pachet Email Epoxidic cu Microfulgi “Emex” - Galben - Bid. 20 Kg + Intaritor - Bid. 3.50 Kg,Vopsea,5941930709449
Pachet Email Epoxidic cu Microfulgi “Emex” - Albastru - Bid. 4 Kg + Intaritor - Bid. 0.70 Kg,Vopsea,5941930709456
Pachet Email Epoxidic cu Microfulgi “Emex” - Albastru - Bid. 20 Kg + Intaritor - Bid. 3.50 Kg,Vopsea,5941930709463
Pachet Email Epoxidic cu Microfulgi “Emex” - Verde - Bid. 4 Kg + Intaritor - Bid. 0.70 Kg,Vopsea,5941930709470
Pachet Email Epoxidic cu Microfulgi “Emex” - Verde - Bid. 20 Kg + Intaritor - Bid. 3.50 Kg,Vopsea,5941930709487
Pachet Email Epoxidic cu Microfulgi “Emex” - Rosu - Bid. 4 Kg + Intaritor - Bid. 0.70 Kg,Vopsea,5941930709494
Pachet Email Epoxidic cu Microfulgi “Emex” - Rosu - Bid. 20 Kg + Intaritor - Bid. 3.50 Kg,Vopsea,5941930709500
Pachet Email Epoxidic cu Microfulgi “Emex” - Maro - Bid. 4 Kg + Intaritor - Bid. 0.70 Kg,Vopsea,5941930709517
Pachet Email Epoxidic cu Microfulgi “Emex” - Maro - Bid. 20 Kg + Intaritor - Bid. 3.50 Kg,Vopsea,5941930709524
Pachet Email Epoxidic cu Microfulgi “Emex” - Negru - Bid. 4 Kg + Intaritor - Bid. 0.70 Kg,Vopsea,5941930709531
Pachet Email Epoxidic cu Microfulgi “Emex” - Negru - Bid. 20 Kg + Intaritor - Bid. 3.50 Kg,Vopsea,5941930709548
Pachet Email Alchido-Poliuretanic “Emex Screenpol” - Alb RAL 9002 - Bid. 4 Kg + Intaritor - Bid. 0.8 Kg,Vopsea,5941930709593
Pachet Email Alchido-Poliuretanic “Emex Screenpol” - Alb RAL 9002 - Bid. 20 Kg + Intaritor - Bid. 4 Kg,Vopsea,5941930709609
Pachet Email Alchido-Poliuretanic “Emex Screenpol” - Rosu RAL 3000 - Bid. 4 Kg + Intaritor - Bid. 0.8 Kg,Vopsea,5941930709616
Pachet Email Alchido-Poliuretanic “Emex Screenpol” - Rosu RAL 3000 - Bid. 20 Kg + Intaritor - Bid. 4 Kg,Vopsea,5941930709623
Pachet Email Alchido-Poliuretanic “Emex Screenpol” - Maroniu RAL 3009 - Bid. 4 Kg + Intaritor - Bid. 0.8 Kg,Vopsea,5941930709630
Pachet Email Alchido-Poliuretanic “Emex Screenpol” - Maroniu RAL 3009 - Bid. 20 Kg + Intaritor - Bid. 4 Kg,Vopsea,5941930709647
Pachet Email Alchido-Poliuretanic “Emex Screenpol” - Albastru RAL 5010 - Bid. 4 Kg + Intaritor - Bid. 0.8 Kg,Vopsea,5941930709654
Pachet Email Alchido-Poliuretanic “Emex Screenpol” - Albastru RAL 5010 - Bid. 20 Kg + Intaritor - Bid. 4 Kg,Vopsea,5941930709661
Pachet Email Alchido-Poliuretanic “Emex Screenpol” - Verde RAL 6005 - Bid. 4 Kg + Intaritor - Bid. 0.8 Kg,Vopsea,5941930709678
Pachet Email Alchido-Poliuretanic “Emex Screenpol” - Verde RAL 6005 - Bid. 20 Kg + Intaritor - Bid. 4 Kg,Vopsea,5941930709685
Pachet Email Alchido-Poliuretanic “Emex Screenpol” - Gri RAL 7016 - Bid. 4 Kg + Intaritor - Bid. 0.8 Kg,Vopsea,5941930709692
Pachet Email Alchido-Poliuretanic “Emex Screenpol” - Gri RAL 7016 - Bid. 20 Kg + Intaritor - Bid. 4 Kg,Vopsea,5941930709708
Pachet Email Alchido-Poliuretanic “Emex Screenpol” - Caramiziu RAL 8004 - Bid. 4 Kg + Intaritor - Bid. 0.8 Kg,Vopsea,5941930709715
Pachet Email Alchido-Poliuretanic “Emex Screenpol” - Caramiziu RAL 8004 - Bid. 20 Kg + Intaritor - Bid. 4 Kg,Vopsea,5941930709722
Pachet Email Alchido-Poliuretanic “Emex Screenpol” - Ciocolatiu RAL 8017 - Bid. 4 Kg + Intaritor - Bid. 0.8 Kg,Vopsea,5941930709739
Pachet Email Alchido-Poliuretanic “Emex Screenpol” - Ciocolatiu RAL 8017 - Bid. 20 Kg + Intaritor - Bid. 4 Kg,Vopsea,5941930709746
Pachet Email Alchido-Poliuretanic “Emex Screenpol” - Negru RAL 9005 - Bid. 4 Kg + Intaritor - Bid. 0.8 Kg,Vopsea,5941930709753
Pachet Email Alchido-Poliuretanic “Emex Screenpol” - Negru RAL 9005 - Bid. 20 Kg + Intaritor - Bid. 4 Kg,Vopsea,5941930709760
Tencuiala Decorativa Structurata cu Fibra de Sticla “Emex GF-Mesh” - Alb - Bid. 25 Kg,Tencuieli decorative,5941930709807
Tencuiala Decorativa Structurata cu Fibra de Sticla “Emex GF-Mesh” - Light Grey - Bid. 25 Kg,Tencuieli decorative,5941930709791
Tencuiala Decorativa Structurata cu Fibra de Sticla “Emex GF-Mesh” - Crem Pastel - Bid. 25 Kg,Tencuieli decorative,5941930709784
Tencuiala Decorativa Structurata cu Fibra de Sticla “Emex GF-Mesh” - Bej Pastel - Bid. 25 Kg,Tencuieli decorative,5941930709777
Pachet Email Epoxidic Placi Ceramice “Emex QSF-3E” - Alb - Bid. 4 Kg + Intaritor - Bid. 4 Kg,Vopsea,5941930709814
Pachet Email Epoxidic Placi Ceramice “Emex QSF-3E” - Alb - Bid. 10 Kg + Intaritor - Bid. 10 Kg,Vopsea,5941930709821
Pachet Email Epoxidic Placi Ceramice “Emex QSF-3E” - Gri - Bid. 4 Kg + Intaritor - Bid. 4 Kg,Vopsea,5941930709838
Pachet Email Epoxidic Placi Ceramice “Emex QSF-3E” - Gri - Bid. 10 Kg + Intaritor - Bid. 10 Kg,Vopsea,5941930709845
Pachet Email Epoxidic Placi Ceramice “Emex QSF-3E” - Crem - Bid. 4 Kg + Intaritor - Bid. 4 Kg,Vopsea,5941930709852
Pachet Email Epoxidic Placi Ceramice “Emex QSF-3E” - Crem - Bid. 10 Kg + Intaritor - Bid. 10 Kg,Vopsea,5941930709869
Pachet Email Epoxidic Placi Ceramice “Emex QSF-3E” - Galben - Bid. 4 Kg + Intaritor - Bid. 4 Kg,Vopsea,5941930709876
Pachet Email Epoxidic Placi Ceramice “Emex QSF-3E” - Galben - Bid. 10 Kg + Intaritor - Bid. 10 Kg,Vopsea,5941930709883
Pachet Email Epoxidic Placi Ceramice “Emex QSF-3E” - Albastru - Bid. 4 Kg + Intaritor - Bid. 4 Kg,Vopsea,5941930709890
Pachet Email Epoxidic Placi Ceramice “Emex QSF-3E” - Albastru - Bid. 10 Kg + Intaritor - Bid. 10 Kg,Vopsea,5941930709906
Pachet Email Epoxidic Placi Ceramice “Emex QSF-3E” - Verde - Bid. 4 Kg + Intaritor - Bid. 4 Kg,Vopsea,5941930709913
Pachet Email Epoxidic Placi Ceramice “Emex QSF-3E” - Verde - Bid. 10 Kg + Intaritor - Bid. 10 Kg,Vopsea,5941930709920
Pachet Email Epoxidic Placi Ceramice “Emex QSF-3E” - Rosu - Bid. 4 Kg + Intaritor - Bid. 4 Kg,Vopsea,5941930709937
Pachet Email Epoxidic Placi Ceramice “Emex QSF-3E” - Rosu - Bid. 10 Kg + Intaritor - Bid. 10 Kg,Vopsea,5941930709944
Pachet Email Epoxidic Placi Ceramice “Emex QSF-3E” - Maro - Bid. 4 Kg + Intaritor - Bid. 4 Kg,Vopsea,5941930709951
Pachet Email Epoxidic Placi Ceramice “Emex QSF-3E” - Maro - Bid. 10 Kg + Intaritor - Bid. 10 Kg,Vopsea,5941930709968
Pachet Email Epoxidic Placi Ceramice “Emex QSF-3E” - Negru - Bid. 4 Kg + Intaritor - Bid. 4 Kg,Vopsea,5941930709975
Pachet Email Epoxidic Placi Ceramice “Emex QSF-3E” - Negru - Bid. 10 Kg + Intaritor - Bid. 10 Kg,Vopsea,5941930709982
Pachet Covor Poliuretanic de Piatra “Emex Pebble” - Mozaicat - 27.10 Kg,Alte materiale constructii,5941930709999
Rasina Epoxidica de Turnare “Emex TopCast” - Bid. 4 Kg + Intaritor - Bid. 2 Kg,Lacuri Parchet,5941930710056
Rasina Epoxidica de Turnare “Emex TopCast” - Bid. 10 Kg + Intaritor - Bid. 5 Kg,Lacuri Parchet,5941930710049
Email Nitro-Combinat “Emex QN-212” - Alb - Bid. 4 Kg,Vopsea,5941930710230
Email Nitro-Combinat “Emex QN-212” - Alb - Bid. 20 Kg,Vopsea,5941930710223
Email Nitro-Combinat “Emex QN-212” - Gri - Bid. 4 Kg,Vopsea,5941930710216
Email Nitro-Combinat “Emex QN-212” - Gri - Bid. 20 Kg,Vopsea,5941930710209
Email Nitro-Combinat “Emex QN-212” - Crem - Bid. 4 Kg,Vopsea,5941930710193
Email Nitro-Combinat “Emex QN-212” - Crem - Bid. 20 Kg,Vopsea,5941930710186
Email Nitro-Combinat “Emex QN-212” - Galben - Bid. 4 Kg,Vopsea,5941930710179
Email Nitro-Combinat “Emex QN-212” - Galben - Bid. 20 Kg,Vopsea,5941930710162
Email Nitro-Combinat “Emex QN-212” - Albastru - Bid. 4 Kg,Vopsea,5941930710155
Email Nitro-Combinat “Emex QN-212” - Albastru - Bid. 20 Kg,Vopsea,5941930710148
Email Nitro-Combinat “Emex QN-212” - Verde - Bid. 4 Kg,Vopsea,5941930710131
Email Nitro-Combinat “Emex QN-212” - Verde - Bid. 20 Kg,Vopsea,5941930710124
Email Nitro-Combinat “Emex QN-212” - Rosu - Bid. 4 Kg,Vopsea,5941930710117
Email Nitro-Combinat “Emex QN-212” - Rosu - Bid. 20 Kg,Vopsea,5941930710100
Email Nitro-Combinat “Emex QN-212” - Maro - Bid. 4 Kg,Vopsea,5941930710094
Email Nitro-Combinat “Emex QN-212” - Maro - Bid. 20 Kg,Vopsea,5941930710087
Email Nitro-Combinat “Emex QN-212” - Negru - Bid. 4 Kg,Vopsea,5941930710070
Email Nitro-Combinat “Emex QN-212” - Negru - Bid. 20 Kg,Vopsea,5941930710063
Grund Anticoroziv Nitro-Combinat “Emex FZ-214” - Rosu - Bid. 4 Kg,Grunduri,5941930710254
Grund Anticoroziv Nitro-Combinat “Emex FZ-214” - Rosu - Bid. 20 Kg,Grunduri,5941930710261
Grund Anticoroziv Nitro-Combinat “Emex FZ-214” - Gri - Bid. 4 Kg,Grunduri,5941930710278
Grund Anticoroziv Nitro-Combinat “Emex FZ-214” - Gri - Bid. 20 Kg,Grunduri,5941930710285
Grund Anticoroziv Nitro-Combinat “Emex FZ-214” - Galben - Bid. 4 Kg,Grunduri,5941930710292
Grund Anticoroziv Nitro-Combinat “Emex FZ-214” - Galben - Bid. 20 Kg,Grunduri,5941930710308
Pachet Pardoseala Epoxidica Decorativa “Emex Quartz” - Mozaicat - 27.10 Kg,Alte materiale constructii,5941930710247
Email Acrilo-Stirenic “Emex Panel” - Alb - Bid. 5 Kg,Vopsea,5941930710490
Email Acrilo-Stirenic “Emex Panel” - Alb - Bid. 23 Kg,Vopsea,5941930710506
Email Acrilo-Stirenic “Emex Panel” - Gri - Bid. 5 Kg,Vopsea,5941930710513
Email Acrilo-Stirenic “Emex Panel” - Gri - Bid. 23 Kg,Vopsea,5941930710520
Email Acrilo-Stirenic “Emex Panel” - Crem - Bid. 5 Kg,Vopsea,5941930710537
Email Acrilo-Stirenic “Emex Panel” - Crem - Bid. 23 Kg,Vopsea,5941930710544
Email Acrilo-Stirenic “Emex Panel” - Galben - Bid. 5 Kg,Vopsea,5941930710551
Email Acrilo-Stirenic “Emex Panel” - Galben - Bid. 23 Kg,Vopsea,5941930710568
Email Acrilo-Stirenic “Emex Panel” - Albastru - Bid. 5 Kg,Vopsea,5941930710575
Email Acrilo-Stirenic “Emex Panel” - Albastru - Bid. 23 Kg,Vopsea,5941930710582
Email Acrilo-Stirenic “Emex Panel” - Verde - Bid. 5 Kg,Vopsea,5941930710599
Email Acrilo-Stirenic “Emex Panel” - Verde - Bid. 23 Kg,Vopsea,5941930710605
Email Acrilo-Stirenic “Emex Panel” - Rosu - Bid. 5 Kg,Vopsea,5941930710612
Email Acrilo-Stirenic “Emex Panel” - Rosu - Bid. 23 Kg,Vopsea,5941930710629
Email Acrilo-Stirenic “Emex Panel” - Maro - Bid. 5 Kg,Vopsea,5941930710636
Email Acrilo-Stirenic “Emex Panel” - Maro - Bid. 23 Kg,Vopsea,5941930710643
Email Acrilo-Stirenic “Emex Panel” - Negru - Bid. 5 Kg,Vopsea,5941930710650
Email Acrilo-Stirenic “Emex Panel” - Negru - Bid. 23 Kg,Vopsea,5941930710667