,"Tags: emex by romtehnochim, vopsea epoxidica emex, vopsea lavabila emex, tencuiala decorativa emex"
vopsele-lavabile,"Tags: vopsea lavabila, lavabila interior, lavabila exterior"
lavabila-cuartz-fatade,"Tags: vopsea lavabila, lavabila exterior, vopsea profesionala"
consum-lavabila-cuartz-exterior,"Tags: consum lavabila cuartz, consum lavabila dura, consum lavabila autocuratare"
lavabila-premium-gold,"Tags: lavabila premium, zugraveli profesionale, vopsea la un strat"
consum-lavabila-premium-gold,"Tags: consum lavabila premium, calcul vopsea la un strat"
lavabila-ceramica-baie-bucatarie,"Tags: lavabila ceramica, lavabila baie bucatarie, vopsea anticondens"
consum-lavabila-ceramica,"Tags: consum lavabila ceramica, calcul vopsea anticondens"
vopsea-lavabila-lucioasa,"Tags: vopsea lavabila, lavabila interior, lavabila lucioasa, lavabila premium"
consum-lavabila-lucioasa,"Tags: consum lavabila lucioasa, calcul lavabila la un strat"
superlavabila-interior-emex,"Tags: superlavabila interior, vopsea superlavabila, zugraveli interioare, vopsea lavabila"
consum-superlavabila-interior,"Tags: consum superlavabila interior, calcul vopsea superlavabila"
lavabila-satinata-interior,"Tags: vopsea lavabila satinata, lavabila satinata interior, lavabila calitate profesionala"
consum-lavabila-satinata,"Tags: consum vopsea lavabila satinata, calcul lavabila satinata interior"
vopsea-lavabila-antimucegai,"Tags: vopsea antimucegai, lavabila antimucegai, anti-antimucegai"
consum-lavabila-antimucegai,"Tags: consum vopsea antimucegai, calcul lavabila antimucegai"
lavabila-interior-neomatt-plus,"Tags: vopsea lavabila practica, lavabila ieftina, lavabila interior"
consum-lavabila-neomatt-plus-interior,"Tags: calcul lavabila practica, consum lavabila ieftina"
lavabila-siliconica-interior,"Tags: vopsea lavabila, vopsea siliconica, lavabila interior, vopsea siliconata"
consum-lavabila-siliconica-interior,"Tags: consum vopsea siliconica, calcul lavabila interior siliconica"
lavabila-silicatica-interior,"Tags: vopsea silicatica, vopsea lavabila silicatica, lavabila silicatica"
consum-lavabila-silicatica-interior,"Tags: consum vopsea silicatica, calcul lavabila silicatica"
superlavabila-exterior-emex,"Tags: superlavabila exterior, vopsea super lavabila exterior, lavabila tencuieli exterioare"
consum-superlavabila-exterior,"Tags: consum superlavabila exterior, calcul lavabila de exterior"
lavabila-siliconica-exterior,"Tags: vopsea lavabila siliconica, siliconica exterior, vopsea siliconata"
consum-lavabila-siliconica-exterior,"Tags: consum vopsea lavabila siliconica, calcul siliconica exterior"
lavabila-silicatica-exterior,"Tags: vopsea lavabila silicatica, lavabila exterior, silicatica exterior"
consum-lavabila-silicatica-exterior,"Tags: consum vopsea lavabila silicatica, calcul silicatica exterior"
lavabila-exterior-neomatt,"Tags: vopsea lavabila exterior, lavabila ieftina, vopsea tencuiala exterior, vopsele lavabile"
consum-lavabila-neomatt-exterior,"Tags: consum vopsea lavabila exterior, calcul lavabila ieftina tencuiala exterior"
lavabila-interior-efect-optic,"Tags: lavabila consum mic, vopsea lavabila premium, lavabila colorata, lavabila corectie"
vopsea-lavabila-reflectorizanta,"Tags: vopsea lavabila reflectorizanta, lavabila cu perle de sticla, lavabila luminiscenta"
vopsele-decorative,"Tags: vopsele alchidice, emailuri alchidice modificate, lacuri de lemn, bronz-aluminiu"
email-emex-gold,"Tags: vopsea metal, vopsea exterior, vopsea lemn, vopsea email, email alchidic"
consum-email-premium-gold,"Tags: consum vopsea lemn, consum email metal, calcul alchidica"
email-alchidic-emex,"Tags: vopsea decorativa, vopsea metal, vopsea exterior, vopsea lemn"
consum-emex-extracolor,"Tags: calcul vopsea decorativa, consum vopsea metal, consum vopsea lemn"
emex-dual-protect,"Tags: vopsire fara grund, vopsea 2 in 1, vopsea anticoroziva, protectie anticoroziva"
consum-emex-dual-protect,"Tags: consum vopsea 3 in 1, calcul protector anticoroziv"
vopsea-metal-alchido-stirenica,"Tags: email alchido-stirenic, vopsea profesionala, vopsea metal, vopsea lemn"
consum-email-alchido-stirenic,"Tags: consum email alchido-stirenic, calcul vopsea uscare rapida"
email-bronz-aluminiu,"Tags: vopsea argintie, vopsea metalizata, email jenti auto, bronz aluminiu, vopsea aurie"
consum-bronz-aluminiu,"Tags: consum vopsea argintie, calcul bronz aluminiu"
vopsea-uretanizata-metal-exterior,"Tags: vopsea metal, vopsea lemn exterior, vopsea profesionala"
consum-vopsea-alchidica-lemn-metal,"Tags: consum vopsea metal, calcul vopsea lemn exterior"
vopsea-satinata-emcolor,"Tags: vopsea satinata, vopsea ieftina, vopsea economica, email alchidic"
consum-vopsea-satinata-emcolor,"Tags: consum vopsea satinata, calcul vopsea ieftina"
lac-parchet,"Tags: lac de parchet, lustruit parchet, lac pentru parchet, palux"
consum-lac-parchet,"Tags: consum lac de parchet, calcul consum lac parchet"
lac-uretanizat-mobilier-gradina,"Tags: lac mobilier gradina, lac lemn exterior, cel mai bun lac pentru lemn"
consum-lac-exterior-uretan,"Tags: consum lac mobilier gradina, calcul lac lemn exterior"
lac-alchidic,"Tags: lac pentru lemn, lac alchidic, badulac, lacuri de lemn"
consum-lac-alchidic,"Tags: consum lac pentru lemn, calcul lac alchidic"
lazura-lac-colorat,"Tags: lazura lemn, lac de exterior, lac transparent"
consum-lac-pigmentat,"Tags: consum lazura lemn, calcul lac colorat"
lac-piatra-solvent,"Tags: lac pentru piatra, lac acrilic, lacuire piatra, piatra de rau, protectie piatra"
consum-lac-piatra,"Tags: consum lac pentru piatra, calcul lacuire piatra"
grund-anticoroziv-emex,"Tags: grund anticoroziv, grund alchidic, protectie anticoroziva"
consum-grund-anticoroziv-emex,"Tags: consum grund anticoroziv, calcul grund alchidic"
grund-binale,"Tags: grund pentru lemn, grund de binale, protectie lemn"
consum-grund-lemn-binale,"Tags: consum grund lemn, calcul grund de binale"
solutie-anti-rugina,"Tags: solutie antirugina, curatare rugina, impotriva ruginii, fosfatare, deruginol, feruginol"
decapant-vopsea-lemn-metal,"Tags: decapant vopsea, pasta decapanta, solutie decapanta"
consum-decapant-cm-cleaner,"Tags: consum decapant vopsea, calcul pasta decapanta"
decapant-ecologic-vopsele,"Tags: decapant, pasta decapanta, decapare vopsea, solutie decapare"
diluant-alchidic,"Tags: diluant alchidic, solvent alchidic, diluant pentru vopsele, solvent vopsele alchidice"
tencuieli-decorative,"Tags: tencuiala decorativa, tencuiala impermeabila, tencuiala siliconica, tencuiala de soclu, marmorom"
tencuiala-decorativa-acrilica,"Tags: tencuiala decorativa, <em><strong>decorativa exterior</strong></em>, structurata latex"
consum-tencuiala-acrilica,"Tags: consum tencuiala decorativa, calcul decorativa structurata latex"
tencuiala-decorativa-fibra-sticla,"Tags: tencuiala decorativa flexibila, durabilitate 10 ani, tencuiala cu fibra de sticla"
consum-tencuiala-cu-fibra-sticla,"Tags: consum tencuiala fibra de sticla, calcul tencuiala cu fibra"
tencuiala-decorativa-impermeabila,"Tags: tencuiala impermeabila, tencuiala decorativa, rezistenta la apa, siliconata"
consum-tencuiala-hidroizolanta,"Tags: consum tencuiala impermeabila, tencuiala decorativa, calcul tencuiala siliconata"
tencuiala-decorativa-siliconica,"Tags: tencuiala siliconica, decorativa siliconica, structurata siliconata"
consum-tencuiala-siliconica,"Tags: consum tencuiala siliconica, calcul decorativa siliconata"
tencuiala-soclu,"Tags: tencuiala mozaicata, tencuiala soclu, tencuiala marmorata, marmorom"
consum-tencuiala-soclu,"Tags: calcul tencuiala mozaicata, consum tencuiala soclu, marmorom"
tencuiala-decorativa-periata,"Tags: tencuiala decorativa, tencuiala periata, tencuieli decorative"
consum-tencuiala-periata,"Tags: consum tencuiala periata, calcul tencuiala cu aspect periat"
tencuiala-decorativa-silicatica,"Tags: tencuiala silicatica, decorativa silicatica, tencuiala structurata, tencuieli decorative, silicatice"
consum-tencuiala-silicatica,"Tags: consum tencuiala silicatica, calcul tencuieli decorative silicatice"
tencuiala-decorativa-praf-piatra,"Tags: tencuiala decorativa, praf de piatra, granulata, bob de orez, tencuieli decorative"
tencuiala-decorativa-praf-piatra,"Tags: tencuiala decorativa, praf de piatra, granulata, bob de orez, tencuieli decorative"
consum-tencuiala-praf-piatra,"Tags: consum tencuiala praf de piatra, calcul tencuiala bob de orez"
vopsea-texturata-emex,"Tags: vopsea texturata, tencuiala texturata, vopsea structurata, calcio vecchio"
grund-amorsa-quartz,"Tags: amorsa cuart, amorsa tencuiala, grund de amorsare, tencuiala decorativa"
consum-grund-amorsa-tencuiala,"Tags: consum amorsa cuart, calcul amorsa tencuiala"
grund-amorsa-tencuiala-siliconica,"Tags: amorsa pentru tencuiala, grund siliconic de amorsare, amorsa siliconica, tencuiala siliconica"
grund-amorsa-tencuiala-silicatica,"Tags: amorsa tencuiala silicatica, grund amorsare, tencuiala silicatica, amorsa silicatica"
vopsele-industriale,"Tags: email epoxidic, vopsea 3 in 1, vopsele industriale"
vopsea-clorcauciuc,"Tags: vopsea clorcauciuc, pentru piscina, pentru metal, cauciucata"
consum-vopsea-clorcauciuc,"Tags: consum email cauciucat, calcul vopsea cauciucata, consum vopsea cauciuc"
zinc-epoxy-exter-pentru-galvanizare,"Tags: vopsea cu zinc, zinc pentru galvanizare rece, zincare la rece"
consum-zinc-pur-epoxy-exter,"Tags: consum vopsea cu zinc, calcul vopsea pentru zincare, consum vopsea galvanizare"
vopsea-epoxidica,"Tags: rasina epoxidica, vopsea epoxidica, rasini epoxidice, email epoxidic"
consum-vopsea-epoxidica,"Tags: consum vopsea epoxidica, consum email epoxidic, calcul email epoxi"
email-epoxidic-medii-agresive,"Tags: vopsea epoxidica medii acide, email epoxidic anticoroziv"
consum-email-epoxidic-medii-agresive,"Tags: consum email epoxidic, calcul email epoxidic anticoroziv"
vopsea-poliuretanica,"Tags: vopsea poliuretanica, vopsea pentru metal, poliuretanica lemn, email poliuretanic"
consum-vopsea-poliuretanica,"Tags: consum vopsea poliuretanica, calcul poliuretanica metal, consum email poliuretanic"
vopsea-poliaspartica-pardoseli-rapide,"Tags: vopsea antizgariere, vopsea poliaspartica, email de mare duritate"
consum-vopsea-poliaspartica-pardoseli-rapide,"Tags: consum vopsea antizgariere, calcul vopsea poliaspartica"
lac-poliaspartic-inalta-duritate,"Tags: lac antizgariere, lac poliaspartic pardoseli, lac de mare duritate"
consum-lac-poliaspartic-antizgariere,"Tags: consum lac antizgariere, calcul lac poliaspartic pardoseli,"
vopsea-tigla-metalica-screenpol,"Tags: vopsea poliuretanica pentru metal, email poliuretanic acoperis, vopsea tigla metalica"
consum-vopsea-tigla-metalica,"Tags: consum vopsea de tigla metalica, calcul email poliuretanic acoperis"
email-panouri-sandwich,"Tags: vopsea panouri sandwich, vopsea tigla metalica, email pentru plastic"
consum-email-panouri-sandwich,"Tags: consum vopsea panouri sandwich, calcul email pentru plastic"
vopsea-acrilica-bicomponenta-noiso,"Tags: vopsea acrilica bicomponenta, 2K acrilica, vopsea piscina"
consum-vopsea-acrilica-2k-noiso,"Tags: consum vopsea 2K acrilica, calcul vopsea piscina"
vopsea-poliesterica-metal,"Tags: vopsea poliesterica, rasina poliesterica, vopsea pentru metal, email poliesteric"
consum-vopsea-poliesterica,"Tags: consum vopsea poliesterica, rasina poliesterica pentru metal, calcul email poliesteric"
vopsea-epoxidica-monocomponenta-epoxi-ester,"Tags: vopsea metal, vopsea tabla zincata, epoxidica monocomponenta"
consum-vopsea-epoxy-ester,"Tags: consum vopsea metal, consum vopsea tabla zincata, calcul epoxidica monocomponenta"
vopsea-utilaje,"Tags: vopsea utilaje, vopsea tip auto, vopsea caroserii auto"
consum-vopsea-utilaje,"Tags: consum vopsea utilaje, calcul vopsea tip auto"
poliuretanica-yachturi-ambarcatiuni,"Tags: vopsea pentru ambarcatiuni, yachturi, poliuretanica, barci"
consum-vopsea-poliuretanica-yachturi,"Tags: consum vopsea pentru yacht, consum poliuretanica barci, calcul poliuretanica ambarcatiuni"
lac-poliuretanic-protectie-radiatii,"Tags: lac transparent, lac de protectie, lac poliuretanic, lac iaht, lac yacht"
consum-lac-poliuretanic-protectie,"Tags: consum lac protectie UV, filtru UV, consum lac poliuretanic protectie"
lac-protectie-metal-aluminiu,"Tags: lac metal, lac pentru aluminiu, lac pentru cupru"
consum-lac-protectie-metal,"Tags: consum lac metal, consum lac pentru aluminiu"
lovitura-de-ciocan,"Tags: vopsea pentru metal, hammerschlag, vopsea lovitura de ciocan"
consum-lovitura-de-ciocan,"Tags: consum hammerschlag, calcul vopsea lovitura de ciocan"
email-nitro-combinat,"Tags: vopsea nitrocelulozica, email nitro, vopsea nitro metal lemn"
consum-email-nitro-combinat,"Tags: consum vopsea nitrocelulozica, calcul email nitro"
grund-nitro-combinat-anticoroziv,"Tags: grund nitrocelulozic, grund nitro, anticoroziv nitrocombinat"
consum-grund-nitrocelulozic-anticoroziv,"Tags: consum grund nitrocelulozic, calcul grund nitrocombinat"
grund-acrilo-stirenic-zinc-microfibra,"Tags: grund acrilic, grund stirenic, anticoroziv, grund profesional"
consum-grund-acrilo-stirenic-zinc-microfibra,"Tags: consum grund profesional, calcul grund acrilic"
vopsea-termorezistenta-siliconica,"Tags: vopsea termorezistenta, vopsea rezistenta la temperatura, vopsea temperaturi inalte"
consum-vopsea-termorezistenta,"Tags: consum vopsea termorezistenta, calcul vopsea rezistenta la temperatura"
vopsea-metalizata-acrilica,"Tags: email metalizat, auriu, argintiu, patinat, vopsea aurie"
consum-metalizata-acrilica,"Tags: consum email metalizat, calcul vopsea aurie argintie"
vopsea-poliuretanica-mobila,"Tags: vopsea poliuretanica pentru mobila, poliuretanica mobila, vopsea mobila, vopsea poliuretanica"
consum-poliuretanica-mobila,"Tags: consum poliuretanica mobila, calcul vopsea mobila, consum vopsea poliuretanica"
lac-poliuretanic-mobila,"Tags: lac poliuretanic, lac de mobila, poliuretanic bicomponent"
consum-lac-poliuretanic-mobila,"Tags: consum lac de mobila, calcul lac poliuretanic mobila"
vopsea-intermediara-epoxy-poliamidica-cu-micaceu,"Tags: vopsea intermediara, vopsea anticoroziva, vopsele epoxidice navale"
consum-vopsea-intermediara-epoxy-poliamidica,"Tags: consum vopsea intermediara, calcul vopsea anticoroziva cu micaceu"
intaritor-epoxidice-solventate,"Tags: intaritor epoxidic, intaritor sisteme epoxidice, polimerizare sistem epoxidic"
intaritor-lacuri-vopsele-poliuretanice,"Tags: intaritor vopsea poliuretanica, intaritor poliuretanic, intaritor lac poliuretanic"
diluant-vopsele-utilaje,"Tags: diluant auto, solvent vopsele auto, diluant pentru vopsele, thinner"
diluant-clorcauciuc,"Tags: diluant clorcauciuc, solvent vopsea piscine, diluant vopsele cauciucate, solvent clorcauciuc"
diluant-epoxidic,"Tags: diluant epoxidic, solvent vopsele epoxidice, diluant vopsele, diluant vopsea epoxidica"
diluant-poliuretanic,"Tags: diluant poliuretanic, solvent vopsele poliuretanice, diluare vopsea poliuretanica"
diluant-rasini-poliesterice,"Tags: diluant poliesteric, solvent rasini poliesterice, diluare vopsea poliesterica, solvent poliesteric"
vopsele-dispersii-hidrosolubile,"Tags: membrana hidroizolanta, vopsea de tigla, vopsele diluabile cu apa"
vopsea-tigla-emex,"Tags: vopsea de tigla, azbociment, vopsea acoperis"
consum-vopsea-tigla,"Tags: consum vopsea tigla, consum vopsea azbociment, calcul vopsea acoperis"
vopsea-hidroizolanta-elastica,"Tags: vopsea impermeabila, vopsea piscina, vopsea acoperis, hidroizolatie lichida"
consum-vopsea-hidroizolanta,"Tags: consum vopsea impermeabila, consum vopsea acoperis, calcul hidroizolatie lichida"
vopsea-metal-solubila-apa,"Tags: vopsea acrilica metal, vopsea pe baza de apa, vopsea dispersie pentru metal"
consum-acrilica-metal,"Tags: consum vopsea acrilica metal, calcul vopsea de metal pe baza de apa"
vopsea-acrilica-universala,"Tags: vopsea pentru plastic, vopsea pentru metal, vopsea pe baza de apa, vopsea acrilica, vopsea solubila"
consum-acrilica-universala,"Tags: consum vopsea plastic, calcul vopsea pe baza de apa, vopsea acrilica"
vopsea-acrilica-mobila,"Tags: vopsea acrilica mobila, vopsea solubila in apa, vopsea de lemn diluabila cu apa"
consum-acrilica-mobila,"Tags: consum vopsea acrilica mobila, calcul vopsea mobila diluabila cu apa"
lac-acrilic-mobila,"Tags: lacuri pe baza de apa, lac acrilic mobila, lac mobila, lacuri lemn"
consum-lac-acrilic-mobila,"Tags: consum lac acrilic mobila, calcul lac mobila, lacuri pe baza de apa"
lac-piatra-apa,"Tags: lac acrilic piatra, lac de piatra, lacuire piatra, soclu din piatra"
consum-lac-piatra-apa,"Tags: consum lac acrilic piatra, calcul lac de piatra"
lac-protectie-beton,"Tags: lac hidrofobizare, protectie beton, hidroizolare beton, xilan, impermeabilizare"
consum-lac-protectie-beton,"Tags: consum lac hidrofobizare, calcul lac protectie beton"
vopsea-antifonica,"Tags: vopsea antifonica, antifon auto, antifon caroserii auto, antifonare auto"
grund-solubil-apa,"Tags: grund anticoroziv, grund de imersare, impotriva ruginii, protectie anticoroziva"
consum-grund-hidrosolubil,"Tags: consum grund anticoroziv pe apa, calcul grund hidrosolubil anticoroziv"
lac-protectie-rosturi,"Tags: lac protectie rosturi, protectie rosturi gresie, protectie chit de rosturi"
impregnant-hidrofobizare,"Tags: solutie hidrofobizare, protectie beton, protejare beton, impregnare beton"
consum-impregnant-hidrofobizare,"Tags: consum solutie hidrofobizare, calcul impregnant beton"
adeziv-constructii,"Tags: adeziv de constructii, adeziv glet, aracet, solutie de lipire, intaritor mortar"
pardoseli-trafic,"Tags: pardoseli industriale, pardoseala epoxidica, pardoseala poliuretanica, pardoseli antiderapante"
pardoseala-epoxidica,"Tags: pardoseala epoxidica, pardoseli epoxidice, pardoseli industriale, autonivelanta"
consum-pardoseala-epoxidica,"Tags: consum pardoseala epoxidica, consum pardoseala autonivelanta"
pardoseala-epoxidica-autonivelanta-pigmenti-metalici,"Tags: pardoseala epoxidica metalica, pardoseala pigmenti metalici, pardoseala metalica Emex, rasina epoxidica metalizata"
consum-pardoseala-epoxidica-metalica,"Tags: consum pardoseala epoxidica metalica, consum pardoseala autonivelanta metalizata"
rasina-epoxidica-turnare-strat-gros,"Tags: rasina de mese, rasina epoxidica transparenta, rasina transparenta de turnare"
rasina-pentru-ornamente-decorative-polistiren,"Tags: rasina pentru polistiren, rasina PU monocomponenta, protectie decor polistiren"
consum-rasina-decoratiuni-polistiren,"Tags: consum rasina pentru polistiren, consum protectie decor polistiren"
consum-rasina-epoxidica-turnare-strat-gros,"Tags: consum rasina de mese, consum epoxidica transparenta"
pardoseala-epoxidica-antiderapanta,"Tags: antiderapanta epoxidica, pardoseala antiderapanta, pardoseala epoxidica"
consum-pardoseala-epoxidica-antiderapanta,"Tags: consum pardoseala epoxidica antiderapanta, calcul podea antiderapanta"
pardoseala-poliuretanica,"Tags: pardoseala poliuretanica, pardoseala autonivelanta, sapa poliuretanica"
consum-pardoseala-poliuretanica-autonivelanta,"Tags: consum pardoseala poliuretanica, consum pardoseala autonivelanta, calcul poliuretanica"
pardoseala-poliuretanica-exterior-covor-de-piatra,"Tags: pardoseala poliuretanica covor de piatra, covor de cuartz poliuretanic"
consum-covor-poliuretanic-de-piatra,"Tags: consum pardoseala poliuretanica granulata, calcul covor de cuartz poliuretanic"
consum-pardoseala-poliuretanica-autonivelanta,"Tags: consum covor poliuretanic de cuartz, consum pardoseala decorativa cuartz"
pardoseala-poliuretanica-elastica,"Tags: pardoseala poliuretanica, pardoseala elastica, pardoseala sport, pardoseli sportive"
consum-pardoseala-poliuretanica-elastica,"Tags: calcul pardoseala poliuretanica, consum pardoseli sali sport"
pardoseala-poliuretanica-antiderapanta,"Tags: pardoseala antiderapanta, antialunecare, pardoseala poliuretanica"
consum-pardoseala-poliuretanica-antiderapanta,"Tags: consum pardoseala antiderapanta, calcul poliuretanica antialunecare"
membrana-poliuretanica-hidroizolanta,"Tags: membrana hidroizolanta, membrana poliuretanica, membrana lichida, hidroizolatii"
consum-membrana-poliuretanica-hidroizolanta,"Tags: consum membrana hidroizolanta, calcul membrana poliuretanica"
mortar-epoxidic,"Tags: mortar epoxidic, sapa epoxidica, reparatii pardoseala, pardoseala epoxidica"
sapa-epoxidica-egalizare,"Tags: sapa epoxidica de egalizare, sapa autonivelanta epoxidica, beton epoxidic"
consum-sapa-epoxidica,"Tags: consum sapa epoxidica de egalizare, calcul beton epoxidic"
pardoseala-epoxidica-decorativa-cuartz,"Tags: pardoseala epoxidica, rasina epoxidica, pardoseala decorativa, pardoseli industriale"
masa-epoxidica-de-spaclu,"Tags: masa epoxidica de spaclu, epoxidica protectie praf, epoxidica umplere pori"
consum-masa-epoxidica-spaclu,"Tags: consum masa epoxidica de spaclu, calcul epoxidica umplere pori"
aplicare-covor-epoxidic-stb,"Tags: manopera epoxidica, covor de cuart, pardoseala epoxidica STB"
aplicare-pardoseala-epoxidica-autonivelanta,"Tags: manopera pardoseala decorativa, pardoseala epoxidica, pardoseala autonivelanta"
vopsire-epoxidica-pardoseli,"Tags: manopera vopsire pardoseala, manopera vopsire epoxidica"
consum-pardoseala-epoxidica-cuart,"Tags: calcul covor epoxidic cuartz, consum pardoseala STB, calcul pardoseala decorativa cuartz"
pardoseala-epoxidica-multicolor,"Tags: pardoseala multicolor, autonivelanta epoxidica, epoxidica decorativa, epoxidica cu fulgi"
consum-pardoseala-epoxidica-multicolor,"Tags: consum epoxidica decorativa, calcul epoxidica multicolor"
amorsa-impregnare-pardoseli-epoxidice,"Tags: amorsa epoxidica, amorsare beton, amorsa pardoseli, amorsare vopsea epoxidica"
amorsa-poliuretanica-nesolventata-pardoseli,"Tags: amorsa poliuretanica, amorsa vopsele poliuretanice, amorsare poliuretanica"
consum-amorsa-poliuretanica-solvent-free,"Tags: consum amorsa poliuretanica solvent-free, calcul amorsa poliuretanica nesolventata"
intaritor-rasini-epoxidice-nesolventate,"Tags: intaritor pardoseala epoxidica, intaritor epoxidic non solvent, intaritor epoxi"
intaritor-rasini-poliuretanice-nesolventate,"Tags: intaritor vopsea poliuretanica, intaritor poliuretanic, intaritor lac poliuretanic"
vopsele-trafic-pardoseala,"Tags: vopsea cauciucata, epoxidica, pardoseala, vopsea beton"
vopsea-epoxidica-pardoseli,"Tags: vopsea pardoseala, vopsea epoxidica, vopsea beton, vopsele epoxidice"
consum-vopsea-epoxidica-pardoseli,"Tags: calcul vopsea epoxidica, consum vopsea pardoseala, calcul vopsea beton"
vopsea-epoxidica-pardoseli-microfulgi,"Tags: vopsea epoxidica pardoseala, epoxidica pardoseli, epoxidica trafic intens"
consum-epoxidica-pardoseli-cu-microfulgi,"Tags: calcul epoxidica pardoseli, consum epoxidica trafic intens"
vopsea-poliuretanica-pardoseli,"Tags: vopsea poliuretanica, poliuretanica pentru pardoseala, vopsea pardoseli"
consum-vopsea-poliuretanica-pardoseala,"Tags: consum vopsea poliuretanica, consum poliuretanica pardoseala, calcul poliuretanica beton"
vopsea-clorcauciuc-pardoseli,"Tags: vopsea clorcauciuc, vopsea direct pe beton, vopsea pardoseli, vopsea cauciucata"
consum-vopsea-clorcauciuc-pardoseala,"Tags: consum vopsea cauciucata, calcul vopsea clorcauciuc, consum vopsea pardoseala"
vopsea-marcaj-rutier,"Tags: marcaje rutiere, vopsea marcaj, vopsea pentru marcare, marcaje parcari"
consum-vopsea-marcaj-rutier,"Tags: consum marcaj rutier, calcul vopsea marcaj, consum vopsea de marcare"
vopsea-marcaj-rutier-bicomponenta,"Tags: marcaje rezonatoare, marcare piste biciclete, marcaj rutier bicomponent"
consum-vopsea-marcaj-rutier-2k,"Tags: consum marcaj rutier bicomponent, calcul vopsea marcare rutiera"
vopsea-marcaj-rutier-apa-wt-urban,"Tags: marcaje rutiere, marcaj terenuri sport, vopsea marcare asfalt"
consum-marcaj-rutier-apa-wt-urban,"Tags: calcul marcaj teren sport, consum vopsea marcare asfalt"
lac-beton-amprentat,"Tags: lac pentru beton, lac dale beton, lac beton amprentat"
consum-lac-beton-amprentat,"Tags: consum lac dale beton, consum lac beton amprentat, calcul lac alei"
lac-epoxidic-sigilare,"Tags: lac epoxidic, rasina epoxidica, rasini epoxy, lac de sigilare"
consum-lac-epoxidic-sigilare,"Tags: consum lac epoxidic, consum rasina epoxidica, calcul lac de sigilare"
amorsa-epoxidica-impregnare,"Tags: amorsa epoxidica, grund de amorsare, amorsa pardoseli, amorsare epoxidica"
consum-amorsa-epoxidica-impregnare,"Tags: calcul amorsa epoxidica pardoseli, consum grund amorsare epoxidic"
amorsa-poliuretanica-impregnare,"Tags: amorsare poliuretanica, amorsa poliuretanica, amorsa pardoseli poliuretanice"
consum-amorsa-poliuretanica-pardoseli,"Tags: calcul amorsare poliuretanica, consum amorsa poliuretanica"
amorsa-clorcauciuc-impregnare,"Tags: amorsa pardoseala, amorsa piscina, amorsa cauciucata, amorsare vopsea pardoseli"
consum-amorsa-clorcauciuc-impregnare,"Tags: consum amorsa pardoseala, calcul amorsa cauciucata"
solvent-clorcauciuc-pardoseli,"Tags: solvent clorcauciuc, diluant piscine, diluant vopsele cauciucate"
solvent-epoxidic-pardoseli,"Tags: solvent epoxidic, solvent vopsele epoxidice, diluant epoxidic"
solvent-poliuretanic-vopsele-pardoseli,"Tags: solvent poliuretanic, diluant vopsele poliuretanice, diluant poliuretanic"
diluant-marcaj-rutier,"Tags: diluant marcaj rutier, solvent vopsea marcare, diluant vopsele de marcaj, marcaj rutier"
grunduri-amorse,"Tags: amorse acrilice, amorse tencuiala, solutii antimucegai"
amorsa-perete,"Tags: amorsa de perete, amorsa acrilica, amorsare pereti, amorsa lavabile"
consum-amorsa-acrilica,"Tags: consum amorsa de perete, calcul amorsa acrilica, calcul amorsa lavabile"
amorsa-antimucegai,"Tags: amorsa antimucegai, contra mucegai, prevenire igrasie, amorsa antimicrobiana"
consum-amorsa-antimucegai,"Tags: consum amorsa antimucegai, calcul amorsa antimicrobiana"
amorsa-perete-economica,"Tags: amorsa economica, amorsa ieftina, amorsare zugraveli, amorsare lavabile"
amorsa-siliconica,"Tags: amorsa siliconica, amorsa de perete silicon, amorsare lavabile siliconice"
consum-amorsa-siliconica,"Tags: consum amorsa siliconica, calcul amorsare lavabile siliconice"
amorsa-elastomerica-universala,"Tags: amorsa elastomerica, rezistenta la fisurare, flexibilitate maxima, solutie antiumiditate"
consum-amorsa-elastomerica,"Tags: consum amorsa elastomerica, calcul Emex Core-AQX, consum amorsa universala"
amorsa-silicatica,"Tags: amorsa silicatica, amorsa de perete silicat, amorsa lavabile silicatice"
consum-amorsa-silicatica,"Tags: consum amorsa silicatica, calcul amorsa de perete silicat"
grund-umplere-pori,"Tags: amorsa de perete, grund de egalizare, umplere pori, amorsa lavabile"
consum-grund-amorsare-pereti,"Tags: consum grund de egalizare, calcul amorsa umplere pori"
amorsa-cuart-tencuieli-decorative,"Tags: amorsa tencuieli, amorsa cu cuart, amorsare tencuiala decorativa"
amorsa-cuart-tencuieli-siliconice,"Tags: amorsa siliconica tencuieli, amorsa tencuiala siliconica, amorsare tencuieli siliconice"
consum-grund-siliconic-tencuiala,"Tags: consum amorsa siliconica tencuieli, calcul amorsare tencuieli siliconice"
amorsa-cuart-silicatica-tencuiala,"Tags: amorsa tencuiala silicatica, amorsa silicatica, amorsa cuart silicatica"
masa-spaclu,"Tags: masa de spaclu, reparatii perete, pasta pentru reparatii, reparatii gleturi"
solutie-anti-mucegai,"Tags: solutie antimucegai, impotriva mucegaiului, eliminare igrasie, impotriva igrasiei"
consum-solutie-anti-mucegai,"Tags: consum solutie antimucegai, consum solutie eliminare igrasie"
impregnant-hidrofobizare,"Tags: solutie hidrofobizare, protectie beton, protejare beton, impregnare beton"
grunduri-anticorozive,"Tags: grund anticoroziv, grund epoxidic, grund auto, solutie curatare rugina, grunduri anticorozive pentru metal"
grund-epoxi-poliamidic-cu-zinc,"Tags: grund epoxidic cu zinc, grund anticoroziv poliamidic, grund aplicatii navale"
consum-grund-epoxi-poliamidic-cu-zinc,"Tags: consum grund epoxidic cu zinc, calcul grund aplicatii navale"
grund-epoxidic,"Tags: grund epoxidic, grund bicomponent, grund tabla zincata, inhibitor coroziune"
consum-grund-epoxidic-anticoroziv,"Tags: consum grund epoxidic, calcul grund bicomponent"
grund-poliuretanic,"Tags: grund poliuretanic, poliuretanic bicomponent, anticoroziv poliuretanic"
consum-grund-poliuretanic-anticoroziv,"Tags: consum grund poliuretanic, calcul anticoroziv poliuretanic"
grund-clorcauciuc,"Tags: grund clorcauciuc, clorcauciuc anticoroziv, grund cauciucat, grund anticoroziv cauciuc"
consum-grund-anticoroziv-clorcauciuc,"Tags: consum grund clorcauciuc, calcul grund cauciucat anticoroziv"
grund-poliesteric,"Tags: anticoroziv poliesteric, grund bicomponent poliesteric, grund poliesteric"
consum-grund-anticoroziv-poliesteric,"Tags: consum anticoroziv poliesteric, calcul grund bicomponent poliesteric"
grund-epoxidic-monocomponent-epoxi-ester,"Tags: grund monocomponent, grund tabla zincata, grund inhibitor coroziune"
consum-grund-anticoroziv-epoxi-ester,"Tags: consum grund tabla zincata, consum grund inhibitor coroziune"
grund-auto-utilaje,"Tags: grund anticoroziv, grund auto, protectie caroserii auto, protectie anticoroziva"
consum-grund-auto-utilaje,"Tags: consum grund auto, calcul anticoroziv utilaje, protectie anticoroziva"
grund-alchidic-anticoroziv,"Tags: grund anticoroziv, protectie anticoroziva, grund pentru metal"
consum-grund-alchidic-anticoroziv,"Tags: consum grund protectie anticoroziva, calcul grund pentru metal"
grund-anticoroziv-alchido-stirenic,"Tags: grund metal, grund alchidic stirenat, grund anticoroziv, protectie anticoroziva"
consum-grund-anticoroziv-alchido-stirenic,"Tags: calcul grund metal, consum grund alchidic stiren, consum anticoroziv"
grund-alchido-melaminic-cuptor,"Tags: grund anticoroziv de cuptor, grund auto, grund uscare la cuptor"
grund-termorezistent-siliconic,"Tags: grund anticoroziv termorezistent, grund rezistent la temperatura, grund pentru temperaturi inalte"
consum-grund-termorezistent-anticoroziv,"Tags: consum grund anticoroziv termorezistent, calcul grund rezistent la temperatura"
grund-anticoroziv-solubil,"Tags: grund de imersie, grund acrilic antirugina, anticoroziv solubil in apa"
consum-grund-solubil-apa,"Tags: consum grund de imersie, calcul grund baza apa antirugina"
solutie-fosfatare-curatare-rugina,"Tags: curatare rugina, deruginol, anti rugina, solutie rugina"
gel-decapant,"Tags: decapant lacuri-vopsele, gel decapant, solutie decapare"
pasta-pentru-decapare,"Tags: decapant, pasta decapare, decapant vopsea, solutie decapanta"
solvent-vopsele-alchidice,"Tags: solvent alchidic, diluant universal, diluant uz general"
solvent-vopsele-auto,"Tags: solvent vopsele auto, solvent pentru vopsele, thinner"
solvent-vopsele-cauciucate,"Tags: diluant vopsea piscine, solvent vopsele cauciucate, diluant clorcauciuc"
solvent-vopsele-grunduri-epoxidice,"Tags: solvent epoxidic, diluant epoxidice, diluant vopsele epoxidice"
diluant-lacuri-vopsele-poliuretanice,"Tags: diluant rasini poliuretanice, solvent poliuretanice, vopsire poliuretan"
convertor-rugina,"Tags: convertor rugina, inhibitor de rugina, vopsea antirugina, neutralizare rugina"
consum-convertor-rugina,"Tags: consum convertor rugina, calcul inhibitor de rugina, consum vopsea antirugina"
dezinfectant-advanced-klor,"Tags: dezinfectant suprafete, biocid, clor, dezinfectant exterior"
dezinfectant-fara-clor,"Tags: dezinfectant biocid, dezinfectanti, biocide, dezinfectare suprafete"
vopsea-clorcauciuc-piscine,"Tags: vopsea piscina, vopsea de imersie, rezistenta la apa, vopsea cauciucata"
lac-poliuretanic-beton-amprentat,"Tags: lac poliuretanic, lac beton amprentat"
consum-lac-poliuretanic-beton-amprentat,"Tags: consum lac poliuretanic, consum lac beton amprentat"
lac-poliuretanic-protectie-pardoseli-polimat,"Tags: lac poliuretanic baza apa, lac mat de protectie, supralacuire epoxidica"
consum-lac-poliuretanic-pardoseli-polimat,"Tags: consum lac mat de protectie, consum lac poliuretanic baza apa"
lac-epoxidic-solventat,"Tags: sigilant epoxidic, lac epoxidic protectie, impotriva prafului, top-coat epoxidic"
consum-lac-epoxidic-solventat,"Tags: consum lac epoxidic, consum lac impotriva prafului, consum top-coat epoxidic"
vopsea-poliuretanica-elastica,"Tags: vopsea cauciucata, vopsea hidroizolanta, impermeabilizant"
consum-vopsea-poliuretanica-elastica,"Tags: calcul vopsea cauciucata, consum vopsea hidroizolanta, consum vopsea impermeabilizanta"
vopsea-epoxidica-baza-apa-pardoseala,"Tags: epoxidica emulsionata pardoseala, epoxidica baza apa pardoseli, vopsea pardoseala baza apa"
consum-vopsea-epoxidica-baza-apa-pardoseala,"Tags: consum epoxidica pardoseala, calcul epoxidica baza apa pardoseli, consum vopsea pardoseala baza apa"
amorsa-epoxidica-baza-apa,"Tags: amorsa epoxidica apa, amorsa epoxidica lemn, amorsa epoxidica beton"
consum-amorsa-epoxidica-baza-apa,"Tags: consum amorsa epoxidica apa, calcul amorsa bicomponenta emulsionata"
email-epoxidic-emulsionat-apa,"Tags: email epoxidic apa, vopsea epoxidica apa, vopsea epoxidica metal, vopsea epoxidica solubila"
consum-email-epoxidic-emulsionat-apa,"Tags: consum email epoxidic apa, calcul email epoxidic solubil apa, consum vopsea epoxidica baza apa"
email-epoxidic-pentru-gresie-si-faianta,"Tags: email epoxidic gresie faianta, vopsea epoxidica placi ceramice"
consum-email-epoxidic-placi-ceramice,"Tags: consum email gresie faianta, calcul email epoxidic placi ceramice"
amorsa-epoxidica-lemn-fibra-sticla,"Tags: amorsa epoxidica lemn, amorsa fibra de sticla, amorsa rasina epoxidica"
consum-amorsa-epoxidica-lemn-fibra-sticla,"Tags: amorsa epoxidica lemn, amorsa fibra de sticla, amorsa rasina epoxidica"
grund-epoxidic-solubil-apa,"Tags: grund epoxidic emulsionat, grund epoxidic pe baza apa, grund pentru tabla zincata"
consum-grund-epoxidic-solubil-apa,"Tags: consum grund epoxidic emulsionat, consum grund epoxidic pe baza apa"
consum-vopsea-clorcauciuc-piscina,"Tags: consum vopsea piscina, consum clorcauciuc piscina, calcul consum vopsea piscina"
vopsea-poliuretanica-piscina,"Tags: poliuretanica piscina, poliuretanica beton, vopsea poliuretanica"
consum-vopsea-poliuretanica-piscina,"Tags: consum vopsea poliuretanica, consum poliuretanica piscina, consum vopsea beton piscina"
vopsea-elastomerica-tencuieli-exterior,"Tags: impermeabilizare fatada, vopsea elastomerica, vopsea elastica"
consum-vopsea-elastomerica-tencuieli-exterior,"Tags: consum vopsea impermeabilizare, consum vopsea elastomerica, calcul vopsea elastica"
membrana-cauciucata-elastomerica,"Tags: cauciuc lichid, membrana hidroizolanata, membrana cauciucata"
consum-membrana-cauciucata-elastomerica,"Tags: consum membrana hidroizolanata, calcul cauciuc lichid, consum hidroizolatie"
membrana-acrilica-hidroizolanta-2k,"Tags: membrana acrilica, hidroizolatie acrilica, hidroizolatie piscina"
consum-membrana-acrilica-hidroizolanta,"Tags: consum membrana acrilica, calcul hidroizolatie piscina"
vopsea-acrilica-3-in-1-anticoroziva,"Tags: vopsea 3 in 1, vopsea peste rugina, vopsea fara grund"
consum-vopsea-acrilica-3-in-1-anticoroziva,"Tags: consum vopsea 3 in 1, calcul vopsea peste rugina"
vopsea-3-in-1-anticoroziva-epoxi-ester,"Tags: vopsea 3 in 1, vopsea aplicata pe rugina, 3 in 1 anticoroziva"
consum-vopsea-3-in-1-epoxi-ester,"Tags: consum vopsea 3 in 1 anticoroziva, calcul vopsea aplicata pe rugina"
consum-vopsea-acrilica-3-in-1-anticoroziva,"Tags: calcul vopsea 3 in 1, calcul vopsea anticoroziva"
aplicare-tencuiala-decorativa,"Tags: cum se aplica tencuiala decorativa, instructiuni de aplicare tencuiala"
aplicare-vopsele-lavabile,"Tags: aplicare vopsele lavabile, zugravirea cu lavabile"
aplicare-email,"Tags: aplicare lacuri si vopsele, vopsire cu email alchidic"
aplicare-lacuri-alchidice,"Tags: lacuire lemn, lacuire metal, supralacuire vopsele"
aplicari-vopsele-pardoseli,"Tags: vopsea pardoseala, epoxidica pardoseli, vopsire bicomponenta beton"
aplicare-pardoseli-epoxidice,"Tags: aplicare pardoseala epoxidica, rasina epoxidica"
aplicare-vopsea-marcaj-rutier,"Tags: marcaje rutiere, vopsire marcaj rutier, trasari marcaje"
aplicare-vopsele-grunduri-bicomponente,"Tags: vopsire epoxidica, aplicare vopsele epoxidice, vopsire bicomponente"
aplicare-vopsele-pardoseala,"Tags: vopsire pardoseala, aplicare clorcauciuc pardoseala, vopsire epoxidica pardoseli"
cartela-culori-lavabile,"Tags: paletar, cartela culori, culori lavabila"
cartela-culori-ral-vopsele,"Tags: paletar RAL, paletar culori, cartela"
certificari-iso,"Tags: certificare ISO, calitate ISO vopsele, management integrat al calitatii"
contact,"Tags: formular de contact, contact Emex, contact Romtehnochim"
despre-noi,"Tags: Romtehnochim producator vopsele, Emex, lacuri si vopsele"
politica-de-calitate,"Tags: politica de calitate, vopsele de calitate, Norme ISO vopsele"
politica-de-mediu,"Tags: politica de mediu, protejarea mediului, prevenirea poluarii"
politica-sanatate-securitate,"Tags: sanatate si securitate, securitatea muncii, politica de sanatate"
politica-de-retur,"Tags: retur produse, returnare vopsea, garantia calitatii"
termeni-si-conditii,"Tags: termeni si conditii, comenzi on-line Emex, conditii utilizare magazin"
servicii,"Tags: sevicii vopsitorie, aplicare pardoseli, montaj pardoseli epoxidice"
